compound_group,canonical_smiles,inchikey,scaffold,pactivity,n_complexes,replicate_spread,covalent,fragment_screen,mw,sucos_shape
x0332a_x2458a,CNS(=O)(=O)c1ccccc1Cl,OSFAUZAAZLLTSW-UHFFFAOYSA-N,c1ccccc1,6.0349,1,0.0,False,True,205.666,55.6261
x0428a_x2448a_x2448b,CN(C)S(=O)(=O)c1cccnc1,HGZULNNLLFYOFI-UHFFFAOYSA-N,c1ccncc1,5.1075,2,0.0,False,True,186.23600000000002,60.7374
x0451a_x3066a,CNC(=O)c1cn(C)c2ccccc12,OHXYWSIWHXTWCT-UHFFFAOYSA-N,c1ccc2[nH]ccc2c1,4.8228,1,0.0,False,True,188.23000000000002,42.1924
x0884a_x2454a,CC(=O)Nc1cccc(NC(N)=O)c1,GVNXANNAMKHSRF-UHFFFAOYSA-N,c1ccccc1,4.9431,1,0.0,False,True,193.20599999999996,43.5116
x1346a,Cc1nn(C)c(C)c1CC(=O)N[C@@H](CNC(=O)CCl)c1ccc2ccccc2c1,BKBFLODZEQEWBQ-FQEVSTJZSA-N,O=C(Cc1cn[nH]c1)NCc1ccc2ccccc2c1,4.6608,1,0.0,False,False,412.9210000000001,37.7709
x1445a_x1445b,COc1cc(NC(=O)C[C@@H](C)C(F)(F)F)n(C)n1,NZVJBVJDSSUPIL-ZCFIWIBFSA-N,c1cn[nH]c1,4.632,2,0.0,False,False,265.23499999999996,44.8098
x2290a,CNC(=O)c1nn(C)c2ccccc12,DXESIOGIYNKDQX-UHFFFAOYSA-N,c1ccc2[nH]ncc2c1,5.3762,1,0.0,False,False,189.21800000000002,50.7497
x2293a,Cn1nc(C(=O)NC[C@@H]2Cc3ccccc3CN2)c2ccccc21,FCRASUWOKLJVQY-HNNXBMFYSA-N,O=C(NCC1Cc2ccccc2CN1)c1n[nH]c2ccccc12,5.0414,1,0.0,False,False,320.3960000000001,38.5734
x2304a,Cn1nc(C(=O)Nc2cn[nH]c2)c2ccccc21,JXKYXHWVMLLNCD-UHFFFAOYSA-N,O=C(Nc1cn[nH]c1)c1n[nH]c2ccccc12,4.7784,1,0.0,False,False,241.25400000000002,47.1518
x2339a,Cn1nc(C(=O)NC2CC2)c2cc(F)ccc21,LJCPETRSDJEEFS-UHFFFAOYSA-N,O=C(NC1CC1)c1n[nH]c2ccccc12,4.8874,1,0.0,False,False,233.24599999999998,46.4926
x2351a,Cn1nc(C(N)=O)c2cc(F)ccc21,GDGNASXSZYDGJM-UHFFFAOYSA-N,c1ccc2[nH]ncc2c1,5.0507,1,0.0,False,False,193.18099999999998,45.6079
x2513a,COc1ccc(Cl)c2c1C(=O)C(=O)N2,DVVWQQZWRTXTMK-UHFFFAOYSA-N,O=C1Nc2ccccc2C1=O,4.6289,1,0.0,False,False,211.60399999999998,54.5706
x2629a,COc1ccccc1NC(=O)Nc1cccnc1,GXPNSFDRGMRUJM-UHFFFAOYSA-N,O=C(Nc1ccccc1)Nc1cccnc1,4.7409,1,0.0,False,False,243.26600000000002,52.4359
x3054a,Cc1cccc(NC(=O)N2CCC[C@H](C(N)=O)C2)c1,PUSSAGYROFRULS-NSHDSACASA-N,O=C(Nc1ccccc1)N1CCCCC1,4.2464,1,0.0,False,False,261.32499999999993,48.3243
x3175a,Cc1cc(CNC(=O)c2cn(C)c3ccccc23)on1,RYIGIXMEYULONZ-UHFFFAOYSA-N,O=C(NCc1ccno1)c1c[nH]c2ccccc12,4.9536,1,0.0,False,False,269.30400000000003,54.5242
x3176a,COC[C@H](C)NC(=O)c1nn(C)c2ccccc12,UFYNWTYMVOYUIH-VIFPVBQESA-N,c1ccc2[nH]ncc2c1,4.7471,1,0.0,False,False,247.29800000000003,46.8025
x3177a,Cn1nc(C(=O)N[C@H]2C[C@H]2CO)c2ccccc21,KPYFSQUXIWVGBB-WPRPVWTQSA-N,O=C(NC1CC1)c1n[nH]c2ccccc12,4.8959,1,0.0,False,False,245.282,47.4533
x3178a,Cn1nc(C(=O)N[C@H]2CCOC2)c2ccccc21,OUXJTKZWAHXWFL-VIFPVBQESA-N,O=C(NC1CCOC1)c1n[nH]c2ccccc12,5.0623,1,0.0,False,False,245.28199999999998,44.4982
x3181a_x3181b,Cn1nc(C(=O)NCCn2cncn2)c2ccccc21,UIOOLKZMABSWFR-UHFFFAOYSA-N,O=C(NCCn1cncn1)c1n[nH]c2ccccc12,4.9396,2,0.0,False,False,270.29600000000005,44.32445
x3186a,COc1ccccc1CC(=O)N1CCC[C@H](C(N)=O)C1,OPWHNDXSBIGKDG-LBPRGKRZSA-N,O=C(Cc1ccccc1)N1CCCCC1,4.1284,1,0.0,False,False,276.336,40.7401
x3188a_x3189a_x3914a,Cn1cc2c(CC(=O)N3CCC[C@H](C(N)=O)C3)cccc2n1,GWEIDNCYZCGNCA-LBPRGKRZSA-N,O=C(Cc1cccc2n[nH]cc12)N1CCCCC1,4.4056,1,0.0,False,False,300.36199999999997,43.2274
x3191a,NC(=O)[C@H]1CCCN(C(=O)Cc2cccc3occc23)C1,CRNUDQYYIFSPOP-LBPRGKRZSA-N,O=C(Cc1cccc2occc12)N1CCCCC1,3.9603,1,0.0,False,False,286.3310000000001,46.5581
x3193a,NC(=O)[C@H]1CCCN(C(=O)Cc2ccnc(Cl)c2Br)C1,AIIHQTSFOFCJLB-VIFPVBQESA-N,O=C(Cc1ccncc1)N1CCCCC1,4.1622,1,0.0,False,False,360.63900000000007,42.4038
x3201a_x3920a_x4347a,COc1ncccc1CC(=O)N1CCC[C@H](C(N)=O)C1,DPQNQDXNIINHJH-NSHDSACASA-N,O=C(Cc1cccnc1)N1CCCCC1,4.305350000000001,2,0.03770000000000007,False,False,277.324,41.9698
x3208a,NC(=O)[C@H]1CCCN(C(=O)Cc2cc(C(F)(F)F)ccc2Cl)C1,PQWPTZNVERXTJW-VIFPVBQESA-N,O=C(Cc1ccccc1)N1CCCCC1,4.9069,1,0.0,False,False,348.75200000000007,41.6185
x3210a,NC(=O)[C@H]1CCCN(C(=O)Cc2cccc3cn[nH]c23)C1,LGXQTWXKSGIVMI-LBPRGKRZSA-N,O=C(Cc1cccc2cn[nH]c12)N1CCCCC1,5.0112,1,0.0,False,False,286.33500000000004,44.3629
x3218a,NC(=O)[C@H]1CCCN(C(=O)[C@@H]2CCNc3[nH]ncc32)C1,DUAFBFAQMMCFPO-DTWKUNHWSA-N,O=C(C1CCNc2[nH]ncc21)N1CCCCC1,5.5562,1,0.0,False,False,277.3280000000001,41.3876
x3221a,Cc1nc(C)c(CC(=O)N2CCC[C@H](C(N)=O)C2)[nH]1,WUDFFWUBHSFYAN-JTQLQIEISA-N,O=C(Cc1cnc[nH]1)N1CCCCC1,5.4095,1,0.0,False,False,264.3289999999999,45.1867
x3223a,NC(=O)[C@H]1CCCN(C(=O)c2ccnc3[nH]ncc23)C1,VGFDAVBEVLFUNW-QMMMGPOBSA-N,O=C(c1ccnc2[nH]ncc12)N1CCCCC1,4.7878,1,0.0,False,False,273.2960000000001,38.9446
x3225a,Cc1nc2ccccc2n1CC(=O)N1CCC[C@H](C(N)=O)C1,PRVGSTBOTABTCE-LBPRGKRZSA-N,O=C(Cn1cnc2ccccc21)N1CCCCC1,4.1378,1,0.0,False,False,300.36199999999997,38.8234
x3229a_x3548a,COc1ccncc1CC(=O)N1CCC[C@H](C(N)=O)C1,ZKUXUDCBALXGFV-JTQLQIEISA-N,O=C(Cc1cccnc1)N1CCCCC1,4.5977,2,0.30799999999999983,False,False,277.324,43.19095
x3234a,Cc1cc(C)c(Nc2ccn(C3COC3)n2)c(C)c1,BNONJNCLVIRUCY-UHFFFAOYSA-N,c1ccc(Nc2ccn(C3COC3)n2)cc1,5.0168,1,0.0,False,False,257.337,49.2347
x3264a,Cn1nc(C(=O)NCCc2cocn2)c2cccnc21,CQXUVXZMIRAKCU-UHFFFAOYSA-N,O=C(NCCc1cocn1)c1n[nH]c2ncccc12,4.9817,1,0.0,False,False,271.28000000000003,47.3052
x3279a,Cc1cc(C)c(Nc2ccn(C)n2)c(C)c1,BHEPYCGCQDUONZ-UHFFFAOYSA-N,c1ccc(Nc2cc[nH]n2)cc1,5.3072,1,0.0,False,False,215.3,45.664
x3280a,Cn1nc(C(=O)NCC(F)(F)c2ccccn2)c2ccccc21,CKEMLAIIJWKKOM-UHFFFAOYSA-N,O=C(NCCc1ccccn1)c1n[nH]c2ccccc12,5.1681,1,0.0,False,False,316.31100000000004,38.0721
x3286a,Cc1ocnc1CCNC(=O)c1nn(C)c2ccccc12,JLNHRNVWTVJBTF-UHFFFAOYSA-N,O=C(NCCc1cocn1)c1n[nH]c2ccccc12,5.098,1,0.0,False,False,284.319,44.5281
x3305a,Cc1ccc2c(cnn2C)c1Nc1ccn([C@H]2CCNC2=O)n1,IQCXYYIXAUMMTK-ZDUSSCGKSA-N,O=C1NCCC1n1ccc(Nc2cccc3[nH]ncc23)n1,4.937,1,0.0,False,False,310.36100000000005,45.3708
x3306a,Cn1nc(C(=O)NCCc2cscn2)c2ccccc21,WLVBXUMLICFSSW-UHFFFAOYSA-N,O=C(NCCc1cscn1)c1n[nH]c2ccccc12,5.338,1,0.0,False,False,286.36000000000007,45.2523
x3324a,Cn1nc(C(=O)NCCc2ccc(S(C)(=O)=O)cc2)c2ccccc21,ZXSRGQIDSRIHFJ-UHFFFAOYSA-N,O=C(NCCc1ccccc1)c1n[nH]c2ccccc12,4.8489,1,0.0,False,False,357.43500000000006,32.8193
x3371a,Cn1cnc(CCNC(=O)c2nn(C)c3ccccc23)c1,NQHLIPQTOQIZAL-UHFFFAOYSA-N,O=C(NCCc1c[nH]cn1)c1n[nH]c2ccccc12,5.2372,1,0.0,False,False,283.33500000000004,43.9403
x3379a_x3593a,C[C@@H](Cc1cocn1)NC(=O)c1nn(C)c2ccccc12,LQNOWDAJBFJAFM-JTQLQIEISA-N,O=C(NCCc1cocn1)c1n[nH]c2ccccc12,4.9658,2,0.0,False,False,284.319,42.96885
x3392a,O=C(NCCc1cocn1)N1CCc2ccccc21,CFBYKVAFAXYDRK-UHFFFAOYSA-N,O=C(NCCc1cocn1)N1CCc2ccccc21,5.163,1,0.0,False,False,257.293,51.3607
x3403a,Cn1cc2cccc(NC(=O)Cc3cocn3)c2n1,YEAWWZXWMQIDNB-UHFFFAOYSA-N,O=C(Cc1cocn1)Nc1cccc2c[nH]nc12,4.6624,1,0.0,False,False,256.26499999999993,41.9729
x3408a,C=CS(=O)(=O)N1CCC[C@H](C(N)=O)C1,FSNFOMGLDYESSZ-ZETCQYMHSA-N,C1CCNCC1,5.1938,1,0.0,False,False,218.27799999999996,47.8987
x3410a,Cc1nn(C)c2cc(C(=O)NCCc3cocn3)ccc12,LIYDFYCGCLXSCX-UHFFFAOYSA-N,O=C(NCCc1cocn1)c1ccc2cn[nH]c2c1,4.9452,1,0.0,False,False,284.319,48.0451
x3417a,NC(=O)[C@H]1CCCN(C(=O)NCC2CC2)C1,FPQQXSDKENBGCM-VIFPVBQESA-N,O=C(NCC1CC1)N1CCCCC1,5.0649,1,0.0,False,False,225.29199999999997,53.3515
x3419a,Cn1nc(C(=O)NCCc2cocn2)c2ccccc2c1=O,LDVAVSGFMNNJNN-UHFFFAOYSA-N,O=C(NCCc1cocn1)c1n[nH]c(=O)c2ccccc12,5.1704,1,0.0,False,False,298.3020000000001,47.0484
x3435a,O=C(NCCc1cocn1)c1ccccc1,INXUYTDTOJRNGX-UHFFFAOYSA-N,O=C(NCCc1cocn1)c1ccccc1,5.0932,1,0.0,False,False,216.24,46.4195
x3436a,Cn1ncc(C(=O)NCCc2cocn2)n1,PBFVVICHKJKWIA-UHFFFAOYSA-N,O=C(NCCc1cocn1)c1cn[nH]n1,5.5457,1,0.0,False,False,221.22,46.2812
x3450a,N#Cc1sccc1CC(=O)N1CCC[C@H](C(N)=O)C1,AQMCQXPYDBYMNV-JTQLQIEISA-N,O=C(Cc1ccsc1)N1CCCCC1,5.0084,1,0.0,False,False,277.349,45.0841
x3480a,N#CCc1cccc(NC(=O)N2CCC[C@H](C(N)=O)C2)c1,UDNDCMKCZBQOCR-LBPRGKRZSA-N,O=C(Nc1ccccc1)N1CCCCC1,5.357,1,0.0,False,False,286.335,43.2253
x3483a,COCc1ccccc1NC(=O)N1CCC[C@H](C(N)=O)C1,GUBBGFXTNMOAAR-NSHDSACASA-N,O=C(Nc1ccccc1)N1CCCCC1,4.8165,1,0.0,False,False,291.351,47.6275
x3485a,COc1cccc(NC(=O)N2CCC[C@H](C(N)=O)C2)c1,JKJIXILNAMCJIA-JTQLQIEISA-N,O=C(Nc1ccccc1)N1CCCCC1,4.9561,1,0.0,False,False,277.32399999999996,44.1219
x3488a,COCC(=O)Nc1c(Cl)cc(C)cc1Oc1cccc(C(N)=O)c1,LXRCATLQYMSZTR-UHFFFAOYSA-N,c1ccc(Oc2ccccc2)cc1,4.8227,1,0.0,False,False,348.78600000000006,37.0373
x3489a,Cc1nc2n(c1CC(=O)N1CCC[C@H](C(N)=O)C1)CCCC2,FXTPOBAQIFAHIO-LBPRGKRZSA-N,O=C(Cc1cnc2n1CCCC2)N1CCCCC1,5.2216,1,0.0,False,False,304.39400000000006,39.5632
x3509a_x3509b,N#Cc1cccc(NC(=O)N2CCC[C@H](C(N)=O)C2)c1,USAPPLNLVADEDO-NSHDSACASA-N,O=C(Nc1ccccc1)N1CCCCC1,5.1891,2,0.0,False,False,272.308,49.6849
x3510a,Cc1ccccc1NC(=O)N1CCC[C@H](C(N)=O)C1,AIEHCHWAPRSECY-NSHDSACASA-N,O=C(Nc1ccccc1)N1CCCCC1,4.3862,1,0.0,False,False,261.325,48.6516
x3521a,N#C[C@H]1C[C@@H](NC(=O)C2(c3ccc(Cl)cc3Cl)CCOCC2)C1,NHIMIHAWLVCISG-BJHJDKERSA-N,O=C(NC1CCC1)C1(c2ccccc2)CCOCC1,4.7265,1,0.0,False,False,353.24900000000025,47.7995
x3522a_x3522b,COCC(=O)Nc1c(Cl)cc(C)cc1OCc1ncccn1,ATXBWRYERKVHTO-UHFFFAOYSA-N,c1ccc(OCc2ncccn2)cc1,4.8584,2,0.0,False,False,321.76399999999995,35.5625
x3546a,COc1ccc(F)cc1CC(=O)N1CCC[C@H](C(N)=O)C1,OAXWWUQUJMBBQP-JTQLQIEISA-N,O=C(Cc1ccccc1)N1CCCCC1,4.2094,1,0.0,False,False,294.326,36.8717
x3550a_x3550b,COc1ccccc1CC(=O)N1C[C@@H](C(N)=O)CC[C@@H]1C,XJRJYHVAUXLXKS-AAEUAGOBSA-N,O=C(Cc1ccccc1)N1CCCCC1,4.4113,1,0.0,False,False,290.363,41.9845
x3556a,Cn1cc2c(CC(=O)N3CC[C@H](C(N)=O)C3)cccc2n1,BRQFGLOHPDECRA-NSHDSACASA-N,O=C(Cc1cccc2n[nH]cc12)N1CCCC1,4.4101,1,0.0,False,False,286.335,44.7373
x3557a_x3557b,COc1ccc(CC(=O)N2CCC[C@H](C(N)=O)C2)c(OC)c1,QQFWJWWIQVMKHZ-LBPRGKRZSA-N,O=C(Cc1ccccc1)N1CCCCC1,4.6352,2,0.0,False,False,306.36199999999997,40.9023
x3564a,Cc1ccccc1NC(=O)c1cncc(C(N)=O)c1,UWNHLJGYVVRCPX-UHFFFAOYSA-N,O=C(Nc1ccccc1)c1cccnc1,4.6326,1,0.0,False,False,255.277,52.8709
x3568a,Cc1ccc2c(C(=O)NCCc3cocn3)c[nH]c2c1,LZYMZWBOIHZTRB-UHFFFAOYSA-N,O=C(NCCc1cocn1)c1c[nH]c2ccccc12,5.1081,1,0.0,False,False,269.30400000000003,48.8204
x3571a_x3571b,COc1ccccc1CC(=O)N1CCCC[C@H](C(N)=O)C1,WNIBIMVZSUHHEM-ZDUSSCGKSA-N,O=C(Cc1ccccc1)N1CCCCCC1,4.9522,2,0.0,False,False,290.363,42.64815
x3579a_x4029a,COc1ccccc1CN1C[C@@H](C(N)=O)CCC1=O,PBLXCFVVIRAUAX-NSHDSACASA-N,O=C1CCCCN1Cc1ccccc1,4.9569,2,0.0,False,False,262.3089999999999,48.9889
x3606a,Cn1ncc(-c2cc(Cl)cc(Cl)c2)c1CC(=O)N1CCC[C@H](C(N)=O)C1,CSGCLFRVJTXKQJ-NSHDSACASA-N,O=C(Cc1[nH]ncc1-c1ccccc1)N1CCCCC1,4.9584,1,0.0,False,False,395.29000000000025,36.5566
x3612a,NC(=O)[C@H]1CCCN(C(=O)Nc2ccccc2F)C1,SIJSHILCUHKBHW-VIFPVBQESA-N,O=C(Nc1ccccc1)N1CCCCC1,4.8513,1,0.0,False,False,265.28800000000007,44.691
x3616a_x3616b,Cc1ccccc1CNC(=O)N1CCC[C@H](C(N)=O)C1,XDPSLKIUHCZBTI-ZDUSSCGKSA-N,O=C(NCc1ccccc1)N1CCCCC1,4.9788,2,0.0,False,False,275.35200000000003,43.197950000000006
x3621a,COc1ccccc1CC(=O)N1CC[C@@H](O)C1,MYUHZHXRZFYTPE-LLVKDONJSA-N,O=C(Cc1ccccc1)N1CCCC1,4.9514,1,0.0,False,False,235.28299999999996,42.3363
x3623a,Cc1cnc(CNS(=O)(=O)C[C@@H](C)c2ccccc2)o1,ZXLBDYWEYRPSHD-LLVKDONJSA-N,O=S(=O)(CCc1ccccc1)NCc1ncco1,4.8184,1,0.0,False,False,294.37600000000003,48.31
x3634a,COc1ccccc1CC(=O)N1C[C@H](C(N)=O)[C@@H](C)C1,YUYPXSAJEYKAGG-JQWIXIFHSA-N,O=C(Cc1ccccc1)N1CCCC1,5.3039,1,0.0,False,False,276.336,39.2956
x3663a,COc1ccccc1CC(=O)N1CCO[C@@H](C(N)=O)C1,KJLPLKHZEUNURY-GFCCVEGCSA-N,O=C(Cc1ccccc1)N1CCOCC1,4.6157,1,0.0,False,False,278.308,41.0922
x3665a,COc1ccccc1CC(=O)N1C[C@@H](C(N)=O)CC(F)(F)C1,DUWCUXLXYUMFLN-NSHDSACASA-N,O=C(Cc1ccccc1)N1CCCCC1,5.411,1,0.0,False,False,312.316,39.6751
x3685a,COc1ccccc1CC(=O)N1CC[C@@H](NC(N)=O)C1,GQYBHVCKCWFZQQ-LLVKDONJSA-N,O=C(Cc1ccccc1)N1CCCC1,5.056,1,0.0,False,False,277.324,54.3268
x3694a_x3694b_x4032a_x4032b,COc1ccccc1CC(=O)N1CC[C@@H](CC(N)=O)C1,MSPWRYALONZABD-NSHDSACASA-N,O=C(Cc1ccccc1)N1CCCC1,5.0552,4,0.0,False,False,276.336,40.617450000000005
x3706a_x3706b,Cc1cccc(CNC(=O)N2CCC[C@H](C(N)=O)C2)c1,DVNZCRUHPFYGIQ-ZDUSSCGKSA-N,O=C(NCc1ccccc1)N1CCCCC1,4.9676,2,0.0,False,False,275.352,52.3667
x3849a_x3869a,COc1ncccc1CC(=O)N1CCC[C@@H](C(N)=O)C1,DPQNQDXNIINHJH-LLVKDONJSA-N,O=C(Cc1cccnc1)N1CCCCC1,4.9397,2,0.0,False,False,277.324,41.9702
x3858a_x3858b,COc1cccc(Cl)c1CC(=O)N1CCC[C@@H](C(N)=O)C1,NHPQEFHMDYOTOA-SNVBAGLBSA-N,O=C(Cc1ccccc1)N1CCCCC1,4.6205,2,0.0,False,False,310.781,40.85195
x3862a,COc1ccccc1[C@@H](OC)C(=O)N1CCC[C@H](C(N)=O)C1,SGKREISFYQPEPI-SMDDNHRTSA-N,O=C(Cc1ccccc1)N1CCCCC1,5.5237,1,0.0,False,False,306.362,41.1492
x3867a,Cc1ccccc1NC(=O)c1ccc(C)c(C(N)=O)c1,MQPWOZBWSFDFOW-UHFFFAOYSA-N,O=C(Nc1ccccc1)c1ccccc1,4.8041,1,0.0,False,False,268.316,52.5066
x3883a,COc1ccccc1[C@H](OC)C(=O)N1CCC[C@H](C(N)=O)C1,SGKREISFYQPEPI-FZMZJTMJSA-N,O=C(Cc1ccccc1)N1CCCCC1,5.5237,1,0.0,False,False,306.362,44.1653
x3884a_x3884b,COc1ccccc1[C@H](NC(=O)OC(C)(C)C)C(=O)N1CCC[C@H](C(N)=O)C1,AGYHXRSAXIDCES-BBRMVZONSA-N,O=C(Cc1ccccc1)N1CCCCC1,4.9308,2,0.0,False,False,391.4680000000002,37.24805
x3890a,COc1ccccc1[C@H](N)C(=O)N1CCC[C@H](C(N)=O)C1,CCGPYMIAYPDEFF-GWCFXTLKSA-N,O=C(Cc1ccccc1)N1CCCCC1,5.35,1,0.0,False,False,291.351,45.0182
x3895a,COc1ccccc1CN1C[C@@H](C(N)=O)CC1=O,OROYSOLBVZCRAY-JTQLQIEISA-N,O=C1CCCN1Cc1ccccc1,4.6271,1,0.0,False,False,248.28199999999993,41.0173
x3901a,COc1ccccc1CC(=O)N1CCN[C@H](C(N)=O)C1,DRNIUJKTSBJJIK-NSHDSACASA-N,O=C(Cc1ccccc1)N1CCNCC1,5.6227,1,0.0,False,False,277.324,44.8684
x3908a,Cc1cccc(N(CC(=O)N2CCCCC2)C(=O)N2CCC[C@H](C(N)=O)C2)c1,WURIVKYKRXTGMF-KRWDZBQOSA-N,O=C(CN(C(=O)N1CCCCC1)c1ccccc1)N1CCCCC1,4.6271,1,0.0,False,False,386.4960000000002,40.8935
x3936a,COC[C@]1(C(=O)N2CCC[C@H](C(N)=O)C2)CCCCO1,UHSOMRQQUOKZEB-FZMZJTMJSA-N,O=C(C1CCCCO1)N1CCCCC1,6.0,1,0.0,False,False,284.356,45.8461
x3937a,CO[C@@H](C(=O)N1CCC[C@H](C(N)=O)C1)c1cccnc1,OGJQECZREBVMTE-NWDGAFQWSA-N,O=C(Cc1cccnc1)N1CCCCC1,4.227,1,0.0,False,False,277.324,47.3349
x3939a,CO[C@@H](C(=O)N1CCC[C@H](C(N)=O)C1)c1ccccc1C,CNYNLJPJLJQEQZ-GXTWGEPZSA-N,O=C(Cc1ccccc1)N1CCCCC1,4.9281,1,0.0,False,False,290.36300000000006,39.6701
x3940a,COc1ccc(Cl)cc1CC(=O)N1CCC[C@H](C(N)=O)C1,WOSHQSSTXNWEDB-JTQLQIEISA-N,O=C(Cc1ccccc1)N1CCCCC1,4.7272,1,0.0,False,False,310.78100000000006,41.1474
x3942a_x4209a,COc1cccc(Cl)c1CC(=O)N1CCC[C@H](C(N)=O)C1,NHPQEFHMDYOTOA-JTQLQIEISA-N,O=C(Cc1ccccc1)N1CCCCC1,4.58195,2,0.40729999999999933,False,False,310.781,48.13845
x3944a,CCN(CC1CC1)C(=O)c1cccc(CC(=O)N2CCC[C@H](C(N)=O)C2)c1,ATECCQSBFXQPQB-SFHVURJKSA-N,O=C(NCC1CC1)c1cccc(CC(=O)N2CCCCC2)c1,4.9083,1,0.0,False,False,371.4810000000002,34.3683
x3954a,COc1ccc2c(n1)[C@@H](C(=O)N1CCC[C@H](C(N)=O)C1)CC2,ZDYXIBCIXYHKOA-RYUDHWBXSA-N,O=C(C1CCc2cccnc21)N1CCCCC1,4.4524,1,0.0,False,False,303.3620000000001,43.0581
x3956a,COc1ccccc1CCN1C[C@@H](C(N)=O)CC1=O,IZZURCOVVRSJHS-NSHDSACASA-N,O=C1CCCN1CCc1ccccc1,5.045,1,0.0,False,False,262.30899999999997,61.5267
x3968a,NC(=O)[C@H]1CCCN(C(=O)[C@H](OCC2CCCC2)c2ccccc2)C1,FNAQVGAMQZPXGH-ZWKOTPCHSA-N,O=C(C(OCC1CCCC1)c1ccccc1)N1CCCCC1,5.567,1,0.0,False,False,344.45500000000004,43.6461
x3975a,NC(=O)[C@H]1CCCN(C(=O)[C@@H](CN2CCCC2)c2ccccc2)C1,NBHKSQZOSDYBJT-IRXDYDNUSA-N,O=C(C(CN1CCCC1)c1ccccc1)N1CCCCC1,5.0246,1,0.0,False,False,329.444,47.3459
x3977a_x3977b,COc1ccccc1CC(=O)N(C)CCC(N)=O,HYRNBUDTYVNBBW-UHFFFAOYSA-N,c1ccccc1,4.9355,1,0.0,False,False,250.29799999999994,48.9285
x3982a,NC(=O)[C@H]1CCCN(C(=O)C(c2ccccc2)c2ccccc2)C1,VJCDCBHTHBGHRC-KRWDZBQOSA-N,O=C(C(c1ccccc1)c1ccccc1)N1CCCCC1,5.1799,1,0.0,False,False,322.4080000000001,41.7185
x3986a_x3986b,NC(=O)[C@H]1CCCN(C(=O)[C@@H](Sc2ccccc2)c2ccccc2)C1,XCKSWRSDIRLLDZ-WMZOPIPTSA-N,O=C(C(Sc1ccccc1)c1ccccc1)N1CCCCC1,5.1355,2,0.0,False,False,354.47500000000014,39.91375
x3989a_x4838a,NC(=O)[C@H]1CCN(C(=O)Cc2cc(C(F)(F)F)ccc2Cl)C1,HVQIWPCPNWMLEJ-QMMMGPOBSA-N,O=C(Cc1ccccc1)N1CCCC1,5.049,1,0.0,False,False,334.725,43.2342
x3990a,COc1ccccc1CC(=O)N1C[C@H](C(N)=O)[C@@H](C(F)(F)F)C1,WDWZKNJCYBSIRL-QWRGUYRKSA-N,O=C(Cc1ccccc1)N1CCCC1,5.1107,1,0.0,False,False,330.306,53.0251
x3992a_x3992b,COc1cccc(Cl)c1NC(=O)N1CC[C@H](C(N)=O)C1,MROSVTPISGFMGH-QMMMGPOBSA-N,O=C(Nc1ccccc1)N1CCCC1,4.6121,2,0.0,False,False,297.742,44.39785
x3993a_x3993b,COc1cccc(Cl)c1CC(=O)N1C[C@H](C(N)=O)C[C@H](C(=O)NC2CC2)C1,GPQKHKQSBRCPLG-NEPJUHHUSA-N,O=C(NC1CC1)C1CCCN(C(=O)Cc2ccccc2)C1,4.8993,2,0.0,False,False,393.87100000000015,41.8661
x4018a_x4018b,COc1ccccc1CC(=O)N1CCC[C@H](C(N)=O)CC1,KYIQVLMLIAPQNM-LBPRGKRZSA-N,O=C(Cc1ccccc1)N1CCCCCC1,4.9522,2,0.0,False,False,290.36300000000006,47.92695
x4020a_x4020b,Cc1cccc(CC(=O)N2CCC[C@H](C(N)=O)C2)c1,MJMYLTAWMFARRM-ZDUSSCGKSA-N,O=C(Cc1ccccc1)N1CCCCC1,4.2901,2,0.0,False,False,260.33699999999993,46.7637
x4028a,COc1ccc(C(F)(F)F)cc1CC(=O)N1CCC[C@H](C(N)=O)C1,PQPPRBLQDZEENG-JTQLQIEISA-N,O=C(Cc1ccccc1)N1CCCCC1,4.45,1,0.0,False,False,344.33300000000014,37.822
x4031a_x4031b,COc1ncccc1NC(=O)N1CCC[C@H](C(N)=O)C1,RJRRIOPTPBEHKH-VIFPVBQESA-N,O=C(Nc1cccnc1)N1CCCCC1,4.4873,2,0.0,False,False,278.312,46.3322
x4035a_x4035b,COc1cccc(Cl)c1NC(=O)N1CCC[C@H](C(N)=O)C1,BAWQVTYFUSCRSF-VIFPVBQESA-N,O=C(Nc1ccccc1)N1CCCCC1,4.4659,2,0.0,False,False,311.76900000000006,44.975350000000006
x4202a_x4202b,NC(=O)[C@H]1CCCN(C(=O)[C@H]2CCc3cccc(Br)c32)C1,AXUVEMNCADPROP-RYUDHWBXSA-N,O=C(C1CCc2ccccc21)N1CCCCC1,4.4794,2,0.0,False,False,351.2440000000001,44.381150000000005
x4203a,COc1cc(Cl)ccc1CC(=O)N1CCC[C@H](C(N)=O)C1,RXCDGQVWMAQTNG-NSHDSACASA-N,O=C(Cc1ccccc1)N1CCCCC1,4.0186,1,0.0,False,False,310.78100000000006,40.8542
x4207a_x4207b,COc1ccccc1[C@@H](NC(C)=O)C(=O)N1CCC[C@H](C(N)=O)C1,KEZJHWCQWSCOQQ-SWLSCSKDSA-N,O=C(Cc1ccccc1)N1CCCCC1,5.2384,2,0.0,False,False,333.3880000000001,38.851699999999994
x4214a_x4214b,COc1ccccc1S(=O)(=O)N1CCC[C@H](C(N)=O)C1,QKOJMHTYLAMSOM-JTQLQIEISA-N,O=S(=O)(c1ccccc1)N1CCCCC1,5.1618,2,0.0,False,False,298.36400000000003,40.1797
x4237a_x4237b_x4237c_x4237d,NC(=O)[C@H]1CCCN(C(=O)[C@@H](Cc2ccc(F)cc2)c2ccccc2)C1,BJVLTIUJQBTOEQ-HKUYNNGSSA-N,O=C(C(Cc1ccccc1)c1ccccc1)N1CCCCC1,5.4786,4,0.0,False,False,354.42500000000007,37.1048
x4239a,COc1cccc(Cl)c1CC(=O)N1C[C@H](C(N)=O)[C@H]2CCC[C@H]21,DTOZCHLQEGECMY-SCDSUCTJSA-N,O=C(Cc1ccccc1)N1CCC2CCCC21,4.8196,1,0.0,False,False,336.8190000000001,45.7653
x4260a,NC(=O)[C@H]1CCCN(C(=O)[C@H]2CCOc3ccc(Cl)cc32)C1,BPTVIAUUXZRLLA-JQWIXIFHSA-N,O=C(C1CCOc2ccccc21)N1CCCCC1,5.2855,1,0.0,False,False,322.7920000000001,49.115
x4274a_x4274b,COc1cccnc1CN1CCC[C@H](C(N)=O)C1,NASHQEPHZGSRGM-JTQLQIEISA-N,c1ccc(CN2CCCCC2)nc1,5.5767,2,0.0,False,False,249.31399999999994,48.08255
x4283a_x4283b,COc1cccnc1CC(=O)N1CCC[C@H](C(N)=O)C1,VJNDTMIDSGNFJC-JTQLQIEISA-N,O=C(Cc1ccccn1)N1CCCCC1,4.6482,2,0.0,False,False,277.324,44.774950000000004
x4290a,CSc1c(Br)cccc1CC(=O)N1CCC[C@H](C(N)=O)C1,IQRUJMCPLXCOCF-NSHDSACASA-N,O=C(Cc1ccccc1)N1CCCCC1,4.4725,1,0.0,False,False,371.30000000000024,44.0676
x4291a,Cc1cc(C)c(CC(=O)N2CCC[C@H](C(N)=O)C2)c(=O)[nH]1,BAOPJNLBCKGSSV-NSHDSACASA-N,O=C(Cc1ccc[nH]c1=O)N1CCCCC1,4.3063,1,0.0,False,False,291.35099999999994,39.9795
x4295a,COc1ccccc1[C@@H](O)CN1C[C@@H](C(N)=O)CC1=O,JFDAVNMAKAEAMC-ONGXEEELSA-N,O=C1CCCN1CCc1ccccc1,5.2769,1,0.0,False,False,278.308,45.6917
x4298a,COc1cccc(NC(=O)N2CCC[C@H](C(N)=O)C2)n1,YPPPQJNCBBACKM-VIFPVBQESA-N,O=C(Nc1ccccn1)N1CCCCC1,5.0724,1,0.0,False,False,278.31199999999995,49.8836
x4305a,CC(C)Oc1ccccc1NC(=O)N1CCC[C@H](C(N)=O)C1,LHHFKNNKVNZWBU-LBPRGKRZSA-N,O=C(Nc1ccccc1)N1CCCCC1,4.8778,1,0.0,False,False,305.37800000000004,40.7948
x4306a,NC(=O)[C@H]1CCCN(C(=O)Nc2ccccc2OCC(F)(F)F)C1,XHGBHCKDUHPBTE-JTQLQIEISA-N,O=C(Nc1ccccc1)N1CCCCC1,5.1566,1,0.0,False,False,345.3210000000001,40.6661
x4308a,NC(=O)[C@H]1CCCN(C(=O)Nc2cc3c(cc2Cl)OCO3)C1,HMYUUXJXRPXXLY-QMMMGPOBSA-N,O=C(Nc1ccc2c(c1)OCO2)N1CCCCC1,4.6271,1,0.0,False,False,325.7520000000002,45.873
x4309a_x4309b,CCS(=O)(=O)c1ccc(OC)c(NC(=O)N2CCC[C@H](C(N)=O)C2)c1,WBSLTZMNEYEYKV-NSHDSACASA-N,O=C(Nc1ccccc1)N1CCCCC1,4.0937,2,0.0,False,False,369.4430000000002,45.45715
x4310a_x4310b,COc1c(NC(=O)N2CCC[C@H](C(N)=O)C2)cccc1C(F)(F)F,WZNDKOZCMMEGCM-VIFPVBQESA-N,O=C(Nc1ccccc1)N1CCCCC1,5.0325,2,0.0,False,False,345.32099999999997,44.7112
x4311a,CC(C)(C)c1ccccc1NC(=O)N1CCC[C@H](C(N)=O)C1,NNZDJLYJDJZVJG-LBPRGKRZSA-N,O=C(Nc1ccccc1)N1CCCCC1,4.917,1,0.0,False,False,303.40600000000006,44.2343
x4312a,NC(=O)[C@H]1CC(=O)N(Cc2cccc3c2OCC3)C1,GEUCKEBNKVUUPC-NSHDSACASA-N,O=C1CCCN1Cc1cccc2c1OCC2,5.0762,1,0.0,False,False,260.293,44.634
x4313a,COc1ccccc1[C@H](C)CN1C[C@@H](C(N)=O)CC1=O,ASBZZTIQOPLUGG-MNOVXSKESA-N,O=C1CCCN1CCc1ccccc1,4.9174,1,0.0,False,False,276.33599999999996,37.9109
x4316a,COc1cccc2c1CC[C@H]2N1C[C@@H](C(N)=O)CCC1=O,YWUUMOAJEOWLGU-GXFFZTMASA-N,O=C1CCCCN1C1CCc2ccccc21,4.7896,1,0.0,False,False,288.34700000000004,39.0342
x4319a,NC(=O)[C@H]1CCCN(C(=O)Cc2ccccc2OC(F)F)C1,CNHPUFFRJJADDP-NSHDSACASA-N,O=C(Cc1ccccc1)N1CCCCC1,4.2297,1,0.0,False,False,312.31600000000003,46.1642
x4320a,NC(=O)[C@H]1CCCN(C(=O)Cc2ccc3c(c2)CCC(=O)N3)C1,HFCZUIHMPUCWLX-ZDUSSCGKSA-N,O=C1CCc2cc(CC(=O)N3CCCCC3)ccc2N1,4.3497,1,0.0,False,False,315.3730000000001,40.5043
x4321a_x4321b,N#CCc1ccccc1CC(=O)N1CCC[C@H](C(N)=O)C1,SPTOPDLRNCGQBI-AWEZNQCLSA-N,O=C(Cc1ccccc1)N1CCCCC1,5.1018,2,0.0,False,False,285.347,42.861900000000006
x4322a,CC(=O)Nc1ccccc1CC(=O)N1CCC[C@H](C(N)=O)C1,CQOBSIHMSYPJCZ-ZDUSSCGKSA-N,O=C(Cc1ccccc1)N1CCCCC1,4.2652,1,0.0,False,False,303.362,40.113
x4334a_x4334b,CSc1cccc(CC(=O)N2CCC[C@H](C(N)=O)C2)c1,YEEQWHOUTZRGAB-LBPRGKRZSA-N,O=C(Cc1ccccc1)N1CCCCC1,4.165,2,0.0,False,False,292.404,42.9807
x4336a,NC(=O)[C@H]1CCCN(C(=O)Cc2cccc(Cl)c2Cl)C1,TXWPVJKFUSGQMQ-JTQLQIEISA-N,O=C(Cc1ccccc1)N1CCCCC1,4.065,1,0.0,False,False,315.20000000000005,45.0124
x4341a,NC(=O)[C@H]1CCCN(C(=O)Cc2cccc3sccc23)C1,HCUJWCCUGKJCFJ-LBPRGKRZSA-N,O=C(Cc1cccc2sccc12)N1CCCCC1,3.9388,1,0.0,False,False,302.39900000000006,42.9743
x4344a,NC(=O)[C@H]1CCCN(C(=O)Cc2cccc3c2CCC3)C1,HYRQJBRGWDRDDU-AWEZNQCLSA-N,O=C(Cc1cccc2c1CCC2)N1CCCCC1,3.9502,1,0.0,False,False,286.3750000000001,43.7212
x4351a,NC(=O)C[C@H]1CCCN(c2ncnc3ccccc23)C1,JUSCUUOSRYPCRL-LLVKDONJSA-N,c1ccc2c(N3CCCCC3)ncnc2c1,4.9593,1,0.0,False,False,270.33600000000007,46.729
x4368a,COCc1ccccc1CC(=O)N1CCC[C@H](C(N)=O)C1,GQZCOZOYCMVRCF-ZDUSSCGKSA-N,O=C(Cc1ccccc1)N1CCCCC1,4.5768,1,0.0,False,False,290.363,42.7327
x4372a,NC(=O)[C@H]1CCCN(C(=O)Cc2cccnc2O)C1,YJUWSGAKKBDWFC-JTQLQIEISA-N,O=C(Cc1cccnc1)N1CCCCC1,5.1538,1,0.0,False,False,263.297,41.7768
x4374a_x4374b,NC(=O)[C@H]1CCCN(C(=O)Cc2ccccc2CO)C1,ZCVSMWFZKMVPLV-LBPRGKRZSA-N,O=C(Cc1ccccc1)N1CCCCC1,4.3458,2,0.0,False,False,276.336,44.1382
x4381a,NC(=O)[C@H]1CCCN(C(=O)Cc2cc(C(F)(F)F)ccc2C(F)(F)F)C1,STXHBHXJQBAUQV-VIFPVBQESA-N,O=C(Cc1ccccc1)N1CCCCC1,3.8068,1,0.0,False,False,382.30400000000003,41.3537
x4386a,CSc1ccccc1CC(=O)N1CCC[C@H](C(N)=O)C1,OEVXZKJZIWUQNR-LBPRGKRZSA-N,O=C(Cc1ccccc1)N1CCCCC1,5.3931,1,0.0,False,False,292.404,46.7211
x4388a,COc1ncc(Br)cc1CC(=O)N1CCC[C@H](C(N)=O)C1,ZJPNDTHCVMYTGE-VIFPVBQESA-N,O=C(Cc1cccnc1)N1CCCCC1,4.8321,1,0.0,False,False,356.2200000000002,40.1403
x4402a,Cc1cccc(N2CCCN(CCC(N)=O)C2=O)c1,SQAKFKXNPUIJIK-UHFFFAOYSA-N,O=C1NCCCN1c1ccccc1,4.9115,1,0.0,False,False,261.32499999999993,44.6848
x4403a,NC(=O)[C@H]1CCCN(C(=O)Cc2ccccc2CS(N)(=O)=O)C1,FCIDCAMVGTXVQD-LBPRGKRZSA-N,O=C(Cc1ccccc1)N1CCCCC1,4.1354,1,0.0,False,False,339.4170000000001,34.5728
x4406a,COc1ccccc1[C@H](O)CN1C[C@@H](C(N)=O)CCC1=O,COPNVNDXUDILLN-CMPLNLGQSA-N,O=C1CCCCN1CCc1ccccc1,5.2121,1,0.0,False,False,292.33500000000004,43.393
x4409a,NC(=O)[C@H]1CCC(=O)N(C[C@H]2CCOc3ccccc32)C1,OIEVYMFVQRAVHG-NEPJUHHUSA-N,O=C1CCCCN1CC1CCOc2ccccc21,4.6204,1,0.0,False,False,288.34700000000004,53.1766
x4416a,NC(=O)[C@H]1CCCN(C(=O)[C@]2(Cc3ccc(F)cc3)CCCCO2)C1,FMJRSBGLYJMTSG-HNAYVOBHSA-N,O=C(N1CCCCC1)C1(Cc2ccccc2)CCCCO1,4.6091,1,0.0,False,False,348.41800000000023,39.7819
x4418a,COc1ncccc1NC(=O)N1CC[C@H](C(N)=O)C1,IOCUHOZGYZOKAP-QMMMGPOBSA-N,O=C(Nc1cccnc1)N1CCCC1,4.618,1,0.0,False,False,264.28499999999997,44.1536
x4426a,C#C[C@H](NCCc1cocn1)c1nn(C)c2ccccc12,MQYDMMMAXHURPN-AWEZNQCLSA-N,c1ccc2c(CNCCc3cocn3)n[nH]c2c1,4.7168,1,0.0,False,False,280.331,47.4132
x4429a,COc1ccc(C(F)(F)F)cc1NC(=O)N1CCC[C@H](C(N)=O)C1,UHMSXUXAJDYIHG-VIFPVBQESA-N,O=C(Nc1ccccc1)N1CCCCC1,4.0692,1,0.0,False,False,345.3210000000002,38.8515
x4431a,CSc1ccc(Br)cc1CC(=O)N1CCC[C@H](C(N)=O)C1,CJGWUQPZRLLSPL-JTQLQIEISA-N,O=C(Cc1ccccc1)N1CCCCC1,6.5048,1,0.0,False,False,371.3000000000002,43.9071
x4445a_x4445b,COc1ccccc1[C@H](C)C(=O)N1CCC[C@H](C(N)=O)C1,PMVJSDCMAGKMNB-RYUDHWBXSA-N,O=C(Cc1ccccc1)N1CCCCC1,5.4159,2,0.0,False,False,290.363,39.84865
x4447a_x4447b,Cn1cnc2c(NC(=O)N3CCC[C@H](C(N)=O)C3)cccc21,NNNNPICOGNGKIS-JTQLQIEISA-N,O=C(Nc1cccc2[nH]cnc12)N1CCCCC1,5.3986,2,0.0,False,False,301.34999999999997,49.340599999999995
x4449a_x4449b,COc1ccccc1[C@H](NC(C)=O)C(=O)N1CCC[C@H](C(N)=O)C1,KEZJHWCQWSCOQQ-WFASDCNBSA-N,O=C(Cc1ccccc1)N1CCCCC1,5.2384,2,0.0,False,False,333.3880000000001,40.8373
x4451a_x4451b,NC(=O)[C@H]1CCCN(C(=O)[C@H](c2ccccc2)n2cccn2)C1,QFDXKCWZNOGADA-GJZGRUSLSA-N,O=C(C(c1ccccc1)n1cccn1)N1CCCCC1,4.8697,2,0.0,False,False,312.3730000000001,43.879549999999995
x4456a_x4456b,NC(=O)[C@H]1CCCN(C(=O)[C@@H]2CCc3cccc(O)c32)C1,ICZSVGPDCFQROW-NWDGAFQWSA-N,O=C(C1CCc2ccccc21)N1CCCCC1,5.1483,2,0.0,False,False,288.34700000000004,44.386449999999996
x4461a,NC(=O)[C@H]1CCCN(C(=O)Cc2ccncc2Cl)C1,KLQSXSCJLXMZBZ-JTQLQIEISA-N,O=C(Cc1ccncc1)N1CCCCC1,5.1852,1,0.0,False,False,281.74300000000005,46.9972
x4463a,NC(=O)[C@H]1CCCN(C(=O)Cc2cccc3nsnc23)C1,MSPQKNPSTZGBCJ-JTQLQIEISA-N,O=C(Cc1cccc2nsnc12)N1CCCCC1,4.4924,1,0.0,False,False,304.37500000000006,41.9725
x4464a,Cc1ncnc(C)c1CC(=O)N1CCC[C@H](C(N)=O)C1,YTDTZVUMJMJXOJ-NSHDSACASA-N,O=C(Cc1cncnc1)N1CCCCC1,3.6541,1,0.0,False,False,276.34,43.421
x4472a,NC(=O)[C@H]1CCCN(C(=O)[C@H]2CCc3snnc32)C1,FSHIEOXXSXYCQT-YUMQZZPRSA-N,O=C(C1CCc2snnc21)N1CCCCC1,4.6676,1,0.0,False,False,280.35300000000007,42.3231
x4476a,COc1ccccc1CC(=O)N1C[C@]2(C(N)=O)CC[C@H]1C2,SHHPINGYNRIYNK-LRDDRELGSA-N,O=C(Cc1ccccc1)N1CC2CCC1C2,4.6217,1,0.0,False,False,288.34700000000004,39.5418
x4510a_x4571a,C[C@H](C(=O)N1CCC[C@H](C(N)=O)C1)c1cn(C)nc1C(F)(F)F,CYDVRWFNSPMYQH-IUCAKERBSA-N,O=C(Cc1cn[nH]c1)N1CCCCC1,4.4628,2,0.0,False,False,332.32599999999996,39.57765
x4514a_x4575a,NC(=O)[C@H]1CCCN(C(=O)C2(c3ccoc3)CCC2)C1,GKBXREDGVWBKIB-NSHDSACASA-N,O=C(N1CCCCC1)C1(c2ccoc2)CCC1,4.6189,2,0.0,False,False,276.33600000000007,39.8695
x4519a_x4519b_x4580a_x4580b,NC(=O)[C@H]1CCCN(C(=O)Cc2ncc3ccc(Br)cn23)C1,MDQREZRKEBAFAE-JTQLQIEISA-N,O=C(Cc1ncc2ccccn12)N1CCCCC1,4.4242,4,0.0,False,False,365.23100000000005,38.461349999999996
x4524a_x4873a_x4873b,COc1cccc(NC(=O)N2CCC[C@H](C(N)=O)C2)c1Cl,DFGLJBPMZPVSMK-VIFPVBQESA-N,O=C(Nc1ccccc1)N1CCCCC1,4.6127,3,0.0,False,False,311.769,41.0705
x4540a,NC(=O)[C@H]1CCCN(C(=O)Cn2cc(Br)cc(Cl)c2=O)C1,QTECLDJRGCHWQA-QMMMGPOBSA-N,O=C(Cn1ccccc1=O)N1CCCCC1,3.7254,1,0.0,False,False,376.6380000000001,39.5456
x4547a,Cn1nc(CN2C[C@H](C(N)=O)CCC2=O)c2ccccc21,UHXKXPHIDBJBOP-SNVBAGLBSA-N,O=C1CCCCN1Cc1n[nH]c2ccccc12,5.1169,1,0.0,False,False,286.335,57.4126
x4554a,COc1cccc(SC)c1NC(=O)N1CCC[C@H](C(N)=O)C1,UWEZCQKXPKGRPJ-JTQLQIEISA-N,O=C(Nc1ccccc1)N1CCCCC1,5.1612,1,0.0,False,False,323.41800000000006,42.3639
x4583a_x4583b,CN1c2ccccc2C[C@@H]1C(=O)N1CCC[C@H](C(N)=O)C1,FQLFBKZMFUCKAK-GXTWGEPZSA-N,O=C(C1Cc2ccccc2N1)N1CCCCC1,4.5989,2,0.0,False,False,287.363,49.77125
x4596a_x4596b_x4596c,NC(=O)[C@H]1CCC(=O)N(Cc2ccc3cc[nH]c3c2)C1,DJIPBZNZGHFGJT-LBPRGKRZSA-N,O=C1CCCCN1Cc1ccc2cc[nH]c2c1,4.6117,2,0.0,False,False,271.32000000000005,47.04065
x4606a_x4606b,NC(=O)[C@H]1CCCN(C(=O)[C@@H]2SCc3cccnc32)C1,VXTCJEPNAMERNR-JOYOIKCWSA-N,O=C(C1SCc2cccnc21)N1CCCCC1,4.6038,2,0.0,False,False,291.3760000000001,45.61005
x4608a,Cn1cc2c(n1)CCC[C@@H]2C(=O)N1CCC[C@H](C(N)=O)C1,BUOYLGKYMMYMLX-QWRGUYRKSA-N,O=C(C1CCCc2n[nH]cc21)N1CCCCC1,3.7496,1,0.0,False,False,290.3670000000001,45.0774
x4654a,NC(=O)[C@H]1CCCN(C(=O)Nc2cccc3c2S(=O)(=O)CCC3)C1,JYAIADPZFKQZMS-LBPRGKRZSA-N,O=C(Nc1cccc2c1S(=O)(=O)CCC2)N1CCCCC1,4.6162,1,0.0,False,False,351.4280000000002,39.8434
x4656a,NC(=O)[C@H]1CCCN(C(=O)Nc2ccccc2SC(F)F)C1,DUIHZQFDTNXKEV-VIFPVBQESA-N,O=C(Nc1ccccc1)N1CCCCC1,4.3251,1,0.0,False,False,329.37200000000007,40.9723
x4661a,COc1ccccc1[C@H](C)N1C[C@@H](C(N)=O)CCC1=O,PRYGOVLQHAWEKV-QWRGUYRKSA-N,O=C1CCCCN1Cc1ccccc1,5.566,1,0.0,False,False,276.33599999999996,44.9534
x4669a_x4669b,NC(=O)[C@H]1CCCN(C(=O)Cc2cc3c(cc2Cl)OCCO3)C1,JLLIPNXJKWLVDW-JTQLQIEISA-N,O=C(Cc1ccc2c(c1)OCCO2)N1CCCCC1,4.0372,2,0.0,False,False,338.79100000000017,38.9494
x4670a,CSc1cccc(Br)c1CC(=O)N1CCC[C@H](C(N)=O)C1,SRQVRMUCHBMAPS-JTQLQIEISA-N,O=C(Cc1ccccc1)N1CCCCC1,5.2396,1,0.0,False,False,371.3000000000002,45.0007
x4674a_x4674b_x4674c,NC(=O)[C@H]1CCCN(C(=O)Nc2cccc3c2SCCC3)C1,OARBYSRMZQWEJK-LBPRGKRZSA-N,O=C(Nc1cccc2c1SCCC2)N1CCCCC1,4.5141,3,0.0,False,False,319.4300000000002,47.3249
x4675a,CS(=O)(=O)c1ccccc1CC(=O)N1CCC[C@H](C(N)=O)C1,PSAGHVQLKXCCTK-LBPRGKRZSA-N,O=C(Cc1ccccc1)N1CCCCC1,4.0182,1,0.0,False,False,324.40200000000004,43.1866
x4684a,CSc1ccccc1N(C)C(=O)N1CC[C@H](C(N)=O)C1,GDQIPIWSEBEWLA-JTQLQIEISA-N,O=C(Nc1ccccc1)N1CCCC1,4.6402,1,0.0,False,False,293.392,47.8652
x4689a,CSc1cnccc1CC(=O)N1CCC[C@H](C(N)=O)C1,AOKSKQYDEIWOHX-NSHDSACASA-N,O=C(Cc1ccncc1)N1CCCCC1,4.4079,1,0.0,False,False,293.392,42.5717
x4694a,CSc1ccccc1CN1C[C@H](C(N)=O)CCC1=O,RLHAKIZJEMHKDK-LLVKDONJSA-N,O=C1CCCCN1Cc1ccccc1,4.644,1,0.0,False,False,278.37699999999995,54.1159
x4701a,CSCC1(CC(=O)N2CCC[C@H](C(N)=O)C2)CC1,HUXPZZDRMFMXBF-JTQLQIEISA-N,O=C(CC1CC1)N1CCCCC1,4.027,1,0.0,False,False,270.39799999999997,43.3811
x4703a,CSc1cn(C)nc1NC(=O)N1CCC[C@H](C(N)=O)C1,XJTLXYFPHTXJQS-QMMMGPOBSA-N,O=C(Nc1cc[nH]n1)N1CCCCC1,3.761,1,0.0,False,False,297.384,48.9641
x4706a,NC(=O)[C@H]1CCCN(C(=O)C2CCSCC2)C1,OJBHGPGRQLLRTQ-JTQLQIEISA-N,O=C(C1CCSCC1)N1CCCCC1,4.6038,1,0.0,False,False,256.371,42.6906
x4707a,NC(=O)[C@H]1CCCN(C(=O)CC2CSC2)C1,BKTQIMHCVRWPFO-VIFPVBQESA-N,O=C(CC1CSC1)N1CCCCC1,4.6073,1,0.0,False,False,242.34399999999997,45.3552
x4708a,NC(=O)[C@H]1CCCN(C(=O)C2(O)CCSCC2)C1,JBKFOLYWCBQWFH-VIFPVBQESA-N,O=C(C1CCSCC1)N1CCCCC1,4.3883,1,0.0,False,False,272.37000000000006,41.4522
x4710a,CSc1cccc(CN2C[C@H](C(N)=O)CCC2=O)c1,ZJIYWYXPZXQCRR-LLVKDONJSA-N,O=C1CCCCN1Cc1ccccc1,4.6109,1,0.0,False,False,278.37699999999995,40.1718
x4712a,CSc1ccccc1N(C)C(=O)N1CCC[C@H](C(N)=O)C1,ZLXAWJCPNCQXOK-NSHDSACASA-N,O=C(Nc1ccccc1)N1CCCCC1,4.602,1,0.0,False,False,307.41900000000004,43.5094
x4721a,CSc1ccccc1CC(=O)N1CCNC(=O)C1,DSPNJSCWZPVLHX-UHFFFAOYSA-N,O=C1CN(C(=O)Cc2ccccc2)CCN1,4.0061,1,0.0,False,False,264.34999999999997,42.182
x4724a,CSc1ccccc1CC(=O)N1CCC(F)(F)[C@H](C(N)=O)C1,QMMKKHPCWQJEDH-NSHDSACASA-N,O=C(Cc1ccccc1)N1CCCCC1,4.921,1,0.0,False,False,328.384,41.7908
x4727a,CSc1c(NC(=O)N2CCC[C@H](C(N)=O)C2)c(C)nn1C,FQKAQMHJXGTAAH-VIFPVBQESA-N,O=C(Nc1cn[nH]c1)N1CCCCC1,4.6073,1,0.0,False,False,311.41099999999994,44.6782
x4735a,CSc1ccccc1CC(=O)N1CCC[C@@H]1c1cnc[nH]1,IQMOOOOGYWCBAO-CQSZACIVSA-N,O=C(Cc1ccccc1)N1CCCC1c1cnc[nH]1,4.8539,1,0.0,False,False,301.4149999999999,48.0647
x4736a,CSC[C@@H]1C[C@@H]1C(=O)N1CCC[C@H](C(N)=O)C1,JJJYSLKCPGSMLG-GUBZILKMSA-N,O=C(C1CC1)N1CCCCC1,4.8087,1,0.0,False,False,256.3709999999999,44.8612
x4739a,CSc1ccccc1CC(=O)N1CC[C@@H]2[C@H](C1)[C@H]2C(N)=O,UZZFRRNYJXSFIQ-XUJVJEKNSA-N,O=C(Cc1ccccc1)N1CCC2CC2C1,4.5582,1,0.0,False,False,304.41499999999996,42.7051
x4745a,CSc1ccccc1CC(=O)N1CCC[C@H](S(N)(=O)=O)C1,IJMORUNSZSDHCA-LBPRGKRZSA-N,O=C(Cc1ccccc1)N1CCCCC1,4.6038,1,0.0,False,False,328.459,42.1191
x4746a,CSc1ccccc1CC(=O)N1CCC[C@H](C(F)F)C1,GOYPQPVBNWXXPJ-LBPRGKRZSA-N,O=C(Cc1ccccc1)N1CCCCC1,3.8833,1,0.0,False,False,299.38599999999997,46.4683
x4751a,CSc1ccccc1CC(=O)N1CCC[C@H](CF)C1,CCVZZJFVCZKBEW-GFCCVEGCSA-N,O=C(Cc1ccccc1)N1CCCCC1,4.0152,1,0.0,False,False,281.39599999999996,45.3281
x4753a,CSc1ccccc1CC(=O)N1CCC[C@](F)(C(N)=O)C1,VWQRAZBSLICPHQ-OAHLLOKOSA-N,O=C(Cc1ccccc1)N1CCCCC1,3.8398,1,0.0,False,False,310.394,50.7629
x4774a,CSc1nccnc1CC(=O)N1CCC[C@H](C(N)=O)C1,WUSGUAGFFPWQJA-VIFPVBQESA-N,O=C(Cc1cnccn1)N1CCCCC1,4.7812,1,0.0,False,False,294.38,44.0388
x4778a,COc1ccc(C(F)(F)F)cc1CC(=O)N1CCS[C@H](C(N)=O)C1,DNENLOCKKIRGNY-LBPRGKRZSA-N,O=C(Cc1ccccc1)N1CCSCC1,4.8285,1,0.0,False,False,362.3730000000001,40.4315
x4791a,CSc1ccccc1CC(=O)N1CCC[C@H]2C(=O)NC[C@H]21,NUFYJAWXWSXWTQ-CHWSQXEVSA-N,O=C1NCC2C1CCCN2C(=O)Cc1ccccc1,4.0352,1,0.0,False,False,304.41499999999996,42.991
x4794a,CSc1ccccc1CC(=O)N1CCC[C@H](O)C1,IIOAYFHECFIEIZ-LBPRGKRZSA-N,O=C(Cc1ccccc1)N1CCCCC1,4.0255,1,0.0,False,False,265.37799999999993,41.8473
x4809a,CSc1ccccc1CC(=O)N1CCC[C@H](CCO)C1,PSOHAIREGZLFPX-CYBMUJFWSA-N,O=C(Cc1ccccc1)N1CCCCC1,3.7795,1,0.0,False,False,293.43199999999996,42.1166
x4812a,CSc1cncnc1CC(=O)N1CCC[C@H](C(N)=O)C1,STOZPWZNKNIBMH-VIFPVBQESA-N,O=C(Cc1ccncn1)N1CCCCC1,4.177,1,0.0,False,False,294.38,45.568
x4824a_x4824b,CSc1ccccc1OC(=O)N1CCC[C@H](C(N)=O)C1,JNANTPWUFNHSLU-JTQLQIEISA-N,O=C(Oc1ccccc1)N1CCCCC1,5.8268,2,0.0,False,False,294.376,47.54785
x4826a_x4826b,CSc1ccncc1NC(=O)N1CCC[C@H](C(N)=O)C1,BIZUKHNXHJNAGE-VIFPVBQESA-N,O=C(Nc1cccnc1)N1CCCCC1,5.4525,2,0.0,False,False,294.38,48.9004
x4827a_x4827b,CSc1ccncc1CC(=O)N1CCC[C@H](C(N)=O)C1,ZMOITPIXGZHKCC-JTQLQIEISA-N,O=C(Cc1cccnc1)N1CCCCC1,5.534,2,0.0,False,False,293.392,46.2813
x4829a_x4829b_x4903a_x4903b,COc1ccc(Cl)cc1OC(=O)N1CCC[C@H](C(N)=O)C1,RWZFWMWMIABRNY-VIFPVBQESA-N,O=C(Oc1ccccc1)N1CCCCC1,5.2628,4,0.0,False,False,312.75300000000004,40.486149999999995
x4840a,NC(=O)c1ccccc1CC(=O)N1CCC[C@H](C(N)=O)C1,KSEBAGNDQOTDCD-NSHDSACASA-N,O=C(Cc1ccccc1)N1CCCCC1,3.6601,1,0.0,False,False,289.335,42.6672
x4843a,COc1ccc(C(F)(F)F)cc1N(C)C(=O)N1CCC[C@H](C(N)=O)C1,OWHZNNVHZNXEAS-JTQLQIEISA-N,O=C(Nc1ccccc1)N1CCCCC1,4.5611,1,0.0,False,False,359.34800000000024,39.5934
x4845a,COc1cc(Br)c(CC(=O)N2CCC[C@H](C(N)=O)C2)cc1OC,ZBONZJXUIMFIHW-JTQLQIEISA-N,O=C(Cc1ccccc1)N1CCCCC1,3.7202,1,0.0,False,False,385.25800000000015,39.7167
x4851a,CSc1c(F)cccc1NC(=O)N1CCC[C@H](C(N)=O)C1,NRUCLBQYKKTSEN-VIFPVBQESA-N,O=C(Nc1ccccc1)N1CCCCC1,4.32,1,0.0,False,False,311.38200000000006,48.3365
x4856a,CSc1ccc(Br)cc1CC(=O)N1CC[C@H](C(N)=O)C1,AZKVXQCFORNMSH-VIFPVBQESA-N,O=C(Cc1ccccc1)N1CCCC1,4.1666,1,0.0,False,False,357.27300000000014,45.9906
x4883a_x4883b,CSc1ncccc1NC(=O)N1CCC[C@H](C(N)=O)C1,FBDCWTCKYSQXKW-VIFPVBQESA-N,O=C(Nc1cccnc1)N1CCCCC1,4.221,2,0.0,False,False,294.38,47.22655
x4885a_x4885b,CSc1ccccc1CC(=O)N1C[C@@H](C)C[C@H](C(N)=O)C1,KCUWPJSIVYQWJM-AAEUAGOBSA-N,O=C(Cc1ccccc1)N1CCCCC1,4.1316,2,0.0,False,False,306.43100000000004,44.03465
x4894a_x4940a,CSc1ccccc1CC(=O)N1CCC[C@](O)(C(N)=O)C1,MATXBLKTWRNYBE-OAHLLOKOSA-N,O=C(Cc1ccccc1)N1CCCCC1,3.956,2,0.0,False,False,308.403,47.4717
x4895a_x4895b,C[C@H](C(=O)N1CCC[C@H](C(N)=O)C1)c1nc(F)ccc1Cl,QEUIIYABWPSJMA-IUCAKERBSA-N,O=C(Cc1ccccn1)N1CCCCC1,4.2774,2,0.0,False,False,313.76,44.8399
x4899a_x4899b,COc1ncccc1NS(=O)(=O)N1CCC[C@H](C(N)=O)C1,BWOXLKDHBJDGAX-VIFPVBQESA-N,O=S(=O)(Nc1cccnc1)N1CCCCC1,4.6012,2,0.0,False,False,314.367,41.11965
x4914a,CSc1cccnc1CC(=O)N1CCC[C@H](C(N)=O)C1,MYIKGEYXRPOTHW-JTQLQIEISA-N,O=C(Cc1ccccn1)N1CCCCC1,5.0974,1,0.0,False,False,293.392,41.137
x4918a,CSc1ncccc1CC(=O)N1CCC[C@H](C(N)=O)C1,OEHCNOCXCMBJIE-NSHDSACASA-N,O=C(Cc1cccnc1)N1CCCCC1,5.0727,1,0.0,False,False,293.392,44.0342
x4922a,CSc1ccccc1N1C[C@@H](C(N)=O)CCC1=O,XFDPKKNIFJSWGV-VIFPVBQESA-N,O=C1CCCCN1c1ccccc1,4.6021,1,0.0,False,False,264.3499999999999,46.0171
x4924a,NC(=O)[C@H]1CCC(=O)N(Cc2cccc(F)c2)C1,UQUSKQLFSJSBGJ-JTQLQIEISA-N,O=C1CCCCN1Cc1ccccc1,4.2552,1,0.0,False,False,250.273,41.1635
x4935a,CSc1cscc1CC(=O)N1CCC[C@H](C(N)=O)C1,ZVMJXFQDYDQURV-VIFPVBQESA-N,O=C(Cc1ccsc1)N1CCCCC1,5.0735,1,0.0,False,False,298.433,45.606
x4943a_x4943b,NC(=O)[C@H]1CCCN(C(=O)[C@H]2CCSc3ccccc32)C1,CIPSLIIOJPGGQL-AAEUAGOBSA-N,O=C(C1CCSc2ccccc21)N1CCCCC1,4.8268,2,0.0,False,False,304.4150000000001,48.15625
x4954a,CCc1ccsc1CN1C[C@@H](C(N)=O)CCC1=O,HYQKQMFDHNHXPW-JTQLQIEISA-N,O=C1CCCCN1Cc1cccs1,4.6687,1,0.0,False,False,266.36599999999993,53.7409
x4963a_x4963b,COC[C@]12C[C@](C(N)=O)(CN1C(=O)Cc1ccccc1OC)C2,UCCVWOVHIIFTLD-QAQDUYKDSA-N,O=C(Cc1ccccc1)N1CC2CC1C2,4.0287,2,0.0,False,False,318.3730000000001,39.39875
x4974a,Cn1ncc2ccc(CN3C[C@H](C(N)=O)CCC3=O)cc21,ICAOAIIRHBCCAZ-GFCCVEGCSA-N,O=C1CCCCN1Cc1ccc2cn[nH]c2c1,4.0267,1,0.0,False,False,286.335,40.4063
x4977a_x4977b,CSc1ccc2ncccc2c1NC(=O)N1CCC[C@H](C(N)=O)C1,CYBVNZOMOMLBBC-NSHDSACASA-N,O=C(Nc1cccc2ncccc12)N1CCCCC1,6.1289,2,0.0,False,False,344.44000000000017,38.0032
x4979a_x4979b,NC(=O)[C@H]1CCCN(C(=O)Cc2ncncc2Cl)C1,FLCFQJGWJJRWLD-QMMMGPOBSA-N,O=C(Cc1ccncn1)N1CCCCC1,4.0367,2,0.0,False,False,282.73100000000005,46.0096
x4986a_x4986b,CSc1ccc(N2CCCC2=O)cc1NC(=O)N1CCC[C@H](C(N)=O)C1,BFTJLJDSJHXUFC-LBPRGKRZSA-N,O=C(Nc1cccc(N2CCCC2=O)c1)N1CCCCC1,5.0623,2,0.0,False,False,376.4820000000002,37.42195
x4992a,Cn1cc(CC(=O)N2C[C@@H](C(N)=O)C[C@H]3C[C@H]32)cn1,RWVQDFULFQCOIU-GARJFASQSA-N,O=C(Cc1cn[nH]c1)N1CCCC2CC21,4.608,1,0.0,False,False,262.313,44.7179
x4994a,Cn1nc(CC(=O)N2CC(C(N)=O)C2)c2ccccc21,IHURMLZWIOZVMJ-UHFFFAOYSA-N,O=C(Cc1n[nH]c2ccccc12)N1CCC1,4.6108,1,0.0,False,False,272.308,47.6058
x5015a_x5015b,C=Cc1cccc(CC(=O)N2CCC[C@H](C(N)=O)C2)n1,BMEGHVOHSIRYBH-NSHDSACASA-N,O=C(Cc1ccccn1)N1CCCCC1,5.0991,2,0.0,False,False,273.33599999999996,48.0329
x5022a_x5022b,CSc1nc2c(cc1NC(=O)N1CCC[C@H](C(N)=O)C1)CCCC2,CTFZKMLNMWYZII-LBPRGKRZSA-N,O=C(Nc1cnc2c(c1)CCCC2)N1CCCCC1,4.2175,2,0.0,False,False,348.4720000000002,41.23445
x5036a_x5036b,COc1cccc(CN2C[C@@H](C(N)=O)CCC2=O)c1,XEGDUXBUYNOVQA-NSHDSACASA-N,O=C1CCCCN1Cc1ccccc1,4.6082,2,0.0,False,False,262.3089999999999,39.370050000000006
x5039a_x5039b,CSc1ncncc1CC(=O)N1CCC[C@H](C(N)=O)C1,VHSVZDNSBFAAEB-VIFPVBQESA-N,O=C(Cc1cncnc1)N1CCCCC1,5.1862,2,0.0,False,False,294.38,43.3502
x5052a,NC(=O)[C@@H]1CCC(=O)N([C@@H]2CCCc3ccccc32)C1,OUROYAJWZKVYSV-TZMCWYRMSA-N,O=C1CCCCN1C1CCCc2ccccc21,4.5935,1,0.0,False,False,272.34800000000007,41.0404
x5079a_x5079b,NC(=O)[C@H]1CCCN(C(=O)Cc2cccnc2Cl)C1,MVRLSGDTKPBMCQ-JTQLQIEISA-N,O=C(Cc1cccnc1)N1CCCCC1,3.4369,2,0.0,False,False,281.74300000000005,43.4598
x5081a_x5081b,NC(=O)[C@H]1CCCN(C(=O)Cc2cncnc2Cl)C1,XPAHSYNCKBEQTK-QMMMGPOBSA-N,O=C(Cc1cncnc1)N1CCCCC1,4.0376,2,0.0,False,False,282.73100000000005,42.4899
x5082a_x5082b,N#Cc1cccc(CC(=O)N2CCC[C@H](C(N)=O)C2)n1,SLDWUJQMGFUKGI-JTQLQIEISA-N,O=C(Cc1ccccn1)N1CCCCC1,4.6252,2,0.0,False,False,272.308,41.50305
x5090a_x5150a,Cn1cc(NS(=O)(=O)N2CCC[C@H](C(N)=O)C2)cn1,LHMBTQSMJAKEKA-QMMMGPOBSA-N,O=S(=O)(Nc1cn[nH]c1)N1CCCCC1,5.7381,2,0.0,False,False,287.34499999999997,41.74195
x5104a_x5200a_x5268a,CSc1ccccc1CC(=O)N1C[C@H](C)C[C@H](C(N)=O)C1,KCUWPJSIVYQWJM-YPMHNXCESA-N,O=C(Cc1ccccc1)N1CCCCC1,4.25035,2,0.4875000000000007,False,False,306.43100000000004,44.344350000000006
x5106a_x5258a,Cn1ccnc1[C@@H](c1ccccc1)N1C[C@@H](C(N)=O)CC1=O,WFFNOQGVJJRMPK-GXTWGEPZSA-N,O=C1CCCN1C(c1ccccc1)c1ncc[nH]1,4.6498,1,0.0,False,False,298.3460000000001,38.8036
x5151a,NC(=O)[C@H]1CCCN(C(=O)Cc2cccc3c2SCC3)C1,MYWVCJKERPOZPN-ZDUSSCGKSA-N,O=C(Cc1cccc2c1SCC2)N1CCCCC1,3.5518,1,0.0,False,False,304.41500000000013,46.4797
x5171a_x5171b,CSc1ccccc1CC(=O)N1C[C@H](C(N)=O)C[C@H](C(N)=O)C1,QGOOPSUEGGPXHT-TXEJJXNPSA-N,O=C(Cc1ccccc1)N1CCCCC1,5.2072,2,0.0,False,False,335.4290000000001,42.47755
x5177a,CSc1ccccc1CC(=O)N1C[C@@H](C(N)=O)C[C@H]2C[C@H]21,POUPHNLBVXGGPW-RWMBFGLXSA-N,O=C(Cc1ccccc1)N1CCCC2CC21,5.6765,1,0.0,False,False,304.415,43.9225
x5182a,CSc1ccncc1NS(=O)(=O)N1CCC[C@H](C(N)=O)C1,GMDPEUDWIAGBOI-VIFPVBQESA-N,O=S(=O)(Nc1cccnc1)N1CCCCC1,4.8818,1,0.0,False,False,330.4350000000001,46.7522
x5203a_x5203b,CSc1ccc(Br)cc1CC(=O)N1CCC[C@H](C(N)=O)CC1,CVDDTGFVMVUXPC-NSHDSACASA-N,O=C(Cc1ccccc1)N1CCCCCC1,4.0847,2,0.0,False,False,385.3270000000002,44.733450000000005
x5210a_x5210b,NC(=O)[C@H]1CCC(=O)N([C@H]2CCCc3ccccc32)C1,OUROYAJWZKVYSV-JSGCOSHPSA-N,O=C1CCCCN1C1CCCc2ccccc21,4.6319,2,0.0,False,False,272.34800000000007,48.44745
x5212a,N#Cc1ncncc1CC(=O)N1CCC[C@H](C(N)=O)C1,WXXXEMOOVWCNSU-VIFPVBQESA-N,O=C(Cc1cncnc1)N1CCCCC1,4.4248,1,0.0,False,False,273.296,41.9347
x5213a_x5213b,NC(=O)[C@H]1CCCN(C(=O)Cc2ccnc(Cl)n2)C1,UJTNPOXHMLXHKO-QMMMGPOBSA-N,O=C(Cc1ccncn1)N1CCCCC1,4.6536,2,0.0,False,False,282.73100000000005,40.5958
x5221a,NC(=O)[C@H]1CCCN(C(=O)Cc2cccc3ncsc23)C1,WGNHPXNYNNGWCO-NSHDSACASA-N,O=C(Cc1cccc2ncsc12)N1CCCCC1,3.9648,1,0.0,False,False,303.38700000000006,45.0256
x5226a,CNC(=O)c1oc2ccccc2c1CN1C[C@@H](C(N)=O)CCC1=O,VQUDIWSTMXBIHR-JTQLQIEISA-N,O=C1CCCCN1Cc1coc2ccccc12,4.0273,1,0.0,False,False,329.3560000000001,46.5149
x5231a,CS[C@@H]1CCCC[C@H]1OC(=O)N1CCC[C@H](C(N)=O)C1,ZIWATAJUDIIRFB-QJPTWQEYSA-N,O=C(OC1CCCCC1)N1CCCCC1,3.5962,1,0.0,False,False,300.42400000000004,46.8861
x5247a_x5247b,CSc1ccc(Br)cc1CC(=O)N1C[C@H](C(N)=O)CC[C@H]1C,FMBXRAUPCZLXGY-GHMZBOCLSA-N,O=C(Cc1ccccc1)N1CCCCC1,5.3704,2,0.0,False,False,385.32700000000017,42.90365
x5249a,CSc1cccc2c1N(C(=O)N1CCC[C@H](C(N)=O)C1)CCCO2,IVODTZLBELRWKY-LBPRGKRZSA-N,O=C(N1CCCCC1)N1CCCOc2ccccc21,3.9795,1,0.0,False,False,349.45600000000013,42.7102
x5261a,CSc1ccc2cnccc2c1NC(=O)N1CCC[C@H](C(N)=O)C1,BUSXHUDAZCCQCK-LBPRGKRZSA-N,O=C(Nc1cccc2cnccc12)N1CCCCC1,5.7726,1,0.0,False,False,344.44000000000017,41.8588
x5262a_x5262b,CSc1ccccc1CC(=O)N1C[C@H]2C[C@]1(CC(N)=O)C2,MXYVXUBBWVDIAO-AITUWYQGSA-N,O=C(Cc1ccccc1)N1CC2CC1C2,4.0513,2,0.0,False,False,304.415,42.61825
x5276a,CSc1ccc(C2CC2)cc1CC(=O)N1CCC[C@H](C(N)=O)C1,WSXXVKQJHSXXCS-AWEZNQCLSA-N,O=C(Cc1cccc(C2CC2)c1)N1CCCCC1,5.5277,1,0.0,False,False,332.46900000000005,41.1256
x5277a,NC(=O)[C@]12CN(C(=O)Cc3ccccc3Cl)C[C@H](C1)C2,HXSIRLGOOQULEB-LGZQZNNBSA-N,O=C(Cc1ccccc1)N1CC2CC(C2)C1,4.0046,1,0.0,False,False,292.7660000000001,54.9039
x5278a,COc1ccc(Cl)cc1NS(=O)(=O)N1CCC[C@H](C(N)=O)C1,XSZBTPSYMNFHRU-VIFPVBQESA-N,O=S(=O)(Nc1ccccc1)N1CCCCC1,3.9892,1,0.0,False,False,347.8240000000002,46.9826
x5283a_x5283b,CSc1ccc2scnc2c1NC(=O)N1CCC[C@H](C(N)=O)C1,OGACCXDFDXEPAC-VIFPVBQESA-N,O=C(Nc1cccc2scnc12)N1CCCCC1,5.7757,2,0.0,False,False,350.46900000000016,41.12105
x5288a_x5288b,CCCSc1cccc(OC)c1NC(=O)N1CCC[C@H](C(N)=O)C1,HVGDXHLIMOIPFU-LBPRGKRZSA-N,O=C(Nc1ccccc1)N1CCCCC1,3.7953,2,0.0,False,False,351.47200000000015,44.2569
x5289a_x5289b,COc1cccc(SC(C)C)c1NC(=O)N1CCC[C@H](C(N)=O)C1,OFDCWASTDCXECL-LBPRGKRZSA-N,O=C(Nc1ccccc1)N1CCCCC1,5.3132,2,0.0,False,False,351.47200000000015,41.6841
x5317a,CNC(=O)[C@@H](c1cccc(C)c1)N1C[C@@H](C(N)=O)CC1=O,LDFRWHLYLLJBKU-WCQYABFASA-N,O=C1CCCN1Cc1ccccc1,4.5969,1,0.0,False,False,289.33500000000004,41.5365
x5339a_x5339b,CSc1ccc(Br)cc1CC(=O)N1C[C@H](C(N)=O)CC[C@@H]1C,FMBXRAUPCZLXGY-WDEREUQCSA-N,O=C(Cc1ccccc1)N1CCCCC1,5.1632,2,0.0,False,False,385.32700000000017,43.300399999999996
x5351a,NC(=O)[C@H]1CCCN(C(=O)OC2CCCCC2)C1,JWJJUBVGKSJMSP-JTQLQIEISA-N,O=C(OC1CCCCC1)N1CCCCC1,4.0423,1,0.0,False,False,254.32999999999993,50.0286
x5359a_x5359b,C=Cc1ccccc1CS(=O)(=O)N1CCC[C@H](C(N)=O)C1,DIYJWUSVAMGGFW-ZDUSSCGKSA-N,O=S(=O)(Cc1ccccc1)N1CCCCC1,4.5952,1,0.0,False,False,308.403,51.5416
x5366a_x5366b,CSc1ccc(Br)cc1CC(=O)N1C[C@@H](C(N)=O)CC[C@H]1C,FMBXRAUPCZLXGY-MNOVXSKESA-N,O=C(Cc1ccccc1)N1CCCCC1,5.1632,2,0.0,False,False,385.32700000000017,40.34155
x5383a,CSc1ccccc1[C@@H](NC(C)=O)C(=O)N1CC[C@H](C(N)=O)C1,NPSHEBGBMYLMNG-SMDDNHRTSA-N,O=C(Cc1ccccc1)N1CCCC1,5.1861,1,0.0,False,False,335.4290000000001,37.0749
x5387a_x5387b,CSc1ccccc1CC(=O)N1C[C@@H](O)C[C@H](C(N)=O)C1,PXNZWDDRHCWLNP-RYUDHWBXSA-N,O=C(Cc1ccccc1)N1CCCCC1,3.6609,2,0.0,False,False,308.403,40.01325
x5389a,COc1cccc2c1N(C(=O)N1CCC[C@H](C(N)=O)C1)CCS2,MVPFLLDRDRSGEN-NSHDSACASA-N,O=C(N1CCCCC1)N1CCSc2ccccc21,4.296,1,0.0,False,False,335.4290000000001,44.2015
x5398a,COC[C@]1(C)C[C@H](C(N)=O)CN1C(=O)Cc1cc(Br)ccc1SC,AOEQRWCIHNLCMX-SJCJKPOMSA-N,O=C(Cc1ccccc1)N1CCCC1,5.5101,1,0.0,False,False,415.35300000000007,42.9701
x5403a,CSc1ccc(SC(C)(C)C)cc1CC(=O)N1CCC[C@H](C(N)=O)C1,AKTHPZOQOONQIO-ZDUSSCGKSA-N,O=C(Cc1ccccc1)N1CCCCC1,5.1112,1,0.0,False,False,380.5790000000002,43.9817
x5409a_x5409b,NC(=O)CC1CCN(C(=O)c2cccc(F)c2)CC1,KBNUOGROOYDNEB-UHFFFAOYSA-N,O=C(c1ccccc1)N1CCCCC1,4.5977,2,0.0,False,False,264.3,44.85095
x5424a_x5424b,Cc1ccc(CC(=O)N2CCC[C@H](C(N)=O)C2)s1,VZOYCHBEALAQTG-JTQLQIEISA-N,O=C(Cc1cccs1)N1CCCCC1,4.633,2,0.0,False,False,266.36599999999993,45.632999999999996
x5425a_x5425b,NC(=O)[C@H]1CCCN(C(=O)Cc2ccsc2)C1,ZECAGGNKWBQSNM-JTQLQIEISA-N,O=C(Cc1ccsc1)N1CCCCC1,4.5897,2,0.0,False,False,252.339,43.01795
x5427a,NC(=O)[C@H]1CCN(C(=O)Cc2c(Cl)cccc2Cl)C1,BZVULGRWTNSUAM-QMMMGPOBSA-N,O=C(Cc1ccccc1)N1CCCC1,4.7545,1,0.0,False,False,301.17300000000006,46.3023
x5431a_x5431b,NC(=O)[C@H]1CCN(C(=O)[C@@H]2SCCc3sccc32)C1,WYSQEBUATHFRRQ-GZMMTYOYSA-N,O=C(C1SCCc2sccc21)N1CCCC1,4.4301,1,0.0,False,False,296.4170000000001,44.4955
x5448a,N#Cc1nccc(CC(=O)N2CCC[C@H](C(N)=O)C2)n1,YNOIRIYVCZYFID-VIFPVBQESA-N,O=C(Cc1ccncn1)N1CCCCC1,4.0064,1,0.0,False,False,273.296,44.8075
x5449a_x5449b,CSc1ccc(S(C)(=O)=O)cc1CC(=O)N1CCC[C@H](C(N)=O)C1,KPHFGQCKSPIQRV-NSHDSACASA-N,O=C(Cc1ccccc1)N1CCCCC1,5.6097,2,0.0,False,False,370.4960000000002,40.218900000000005
x5466a,C#Cc1ccc(C)c(OC(=O)N2CCC[C@H](C(N)=O)C2)c1,DRIPPOHCCVQYFA-ZDUSSCGKSA-N,O=C(Oc1ccccc1)N1CCCCC1,3.8964,1,0.0,False,False,286.331,41.0464
x5475a_x5475b,CSc1ccc2c(c1)[C@H](C(=O)N1CCC[C@H](C(N)=O)C1)CCO2,WXZBSEHLNDUWMH-WCQYABFASA-N,O=C(C1CCOc2ccccc21)N1CCCCC1,4.0605,2,0.0,False,False,334.44100000000014,38.814099999999996
x5479a,Cc1ccc2cccnc2c1OC(=O)N1CCC[C@H](C(N)=O)C1,MHSPKXMRXXOJAH-ZDUSSCGKSA-N,O=C(Oc1cccc2cccnc12)N1CCCCC1,4.5975,1,0.0,False,False,313.357,45.4389
x5482a,Cc1cc2sccc2c(Cl)c1OC(=O)N1CCC[C@H](C(N)=O)C1,OKGQIJVLKKGCPP-JTQLQIEISA-N,O=C(Oc1ccc2sccc2c1)N1CCCCC1,4.2151,1,0.0,False,False,352.84300000000013,44.9228
x5488a,COC[C@H]1CC[C@H](C(N)=O)CN1C(=O)Cc1ccccc1SC,RKVFQJXQPDQDSV-UONOGXRCSA-N,O=C(Cc1ccccc1)N1CCCCC1,4.0115,1,0.0,False,False,336.45700000000005,43.6157
x5494a,CSc1ccc(Br)cc1CC(=O)N1CCC[C@H](C(N)=O)[C@@H]1C,WIMQXTSTZYGTTI-GWCFXTLKSA-N,O=C(Cc1ccccc1)N1CCCCC1,4.0112,1,0.0,False,False,385.32700000000017,40.808
x5497a,CN(C)C(=O)[C@@H](c1ccccc1)N1C[C@@H](C(N)=O)CC1=O,GGIZRFFEDOHESU-WCQYABFASA-N,O=C1CCCN1Cc1ccccc1,4.0031,1,0.0,False,False,289.33500000000004,39.9161
x5509a,CSc1ccc(-c2ccncc2)cc1CC(=O)N1CCC[C@H](C(N)=O)C1,HVWKDQZRTVELIM-INIZCTEOSA-N,O=C(Cc1cccc(-c2ccncc2)c1)N1CCCCC1,5.9835,1,0.0,False,False,369.49000000000024,41.9274
x5512a_x5512b,CSc1ccc(C(=O)Nc2ccncc2)cc1CC(=O)N1CCC[C@H](C(N)=O)C1,BPONMQRHGPSDQC-HNNXBMFYSA-N,O=C(Nc1ccncc1)c1cccc(CC(=O)N2CCCCC2)c1,6.0583,2,0.0,False,False,412.5150000000003,35.74795
x5525a_x5525b,CSc1ccc(-c2cc[nH]n2)cc1CC(=O)N1CCC[C@H](C(N)=O)C1,PUKFQANWMDYRDH-ZDUSSCGKSA-N,O=C(Cc1cccc(-c2cc[nH]n2)c1)N1CCCCC1,5.9559,2,0.0,False,False,358.4670000000002,40.28115
x5526a,CSc1ccc(-c2ccccc2)cc1CC(=O)N1CCC[C@H](C(N)=O)C1,XOACHFBZWJVHPF-KRWDZBQOSA-N,O=C(Cc1cccc(-c2ccccc2)c1)N1CCCCC1,5.7576,1,0.0,False,False,368.50200000000024,44.795
x5533a,CSc1ccc(OC2CC2)cc1NC(=O)N1CCC[C@H](C(N)=O)C1,VNCDEDCYMAAIDL-NSHDSACASA-N,O=C(Nc1cccc(OC2CC2)c1)N1CCCCC1,4.6744,1,0.0,False,False,349.45600000000013,39.4428
x5544a,CSc1ncnc(-c2cn[nH]c2)c1CC(=O)N1CCC[C@H](C(N)=O)C1,OKXAFTORYCFHDN-JTQLQIEISA-N,O=C(Cc1cncnc1-c1cn[nH]c1)N1CCCCC1,5.5799,1,0.0,False,False,360.44300000000027,36.5358
x5550a,NC(=O)[C@H]1CCCN(C(=O)[C@H]2CC[C@H]2c2ccc(Cl)cc2)C1,AFPNUXXCMZQXLC-QEJZJMRPSA-N,O=C(C1CCC1c1ccccc1)N1CCCCC1,4.0009,1,0.0,False,False,320.82000000000005,43.1604
x5556a,C[C@@H](c1ccc(Cl)c(Br)c1)N1C[C@@H](C(N)=O)CCC1=O,YELHJHSWUBGQRW-WPRPVWTQSA-N,O=C1CCCCN1Cc1ccccc1,4.0414,1,0.0,False,False,359.6510000000002,41.609
x5559a,N#Cc1ccc(Br)cc1OC(=O)N1CCC[C@H](C(N)=O)C1,OSWIWPFYGWSAKP-JTQLQIEISA-N,O=C(Oc1ccccc1)N1CCCCC1,4.4214,1,0.0,False,False,352.18800000000016,43.2168
x5570a,NC(=O)[C@H]1CCN(C(=O)[C@@H]2CSc3ccccc32)C1,BLJUNOAQCVGZDK-GXSJLCMTSA-N,O=C(C1CSc2ccccc21)N1CCCC1,4.129,1,0.0,False,False,276.3610000000001,45.0503
x5572a,Cc1ccc2ccccc2c1N1C[C@@H](C(N)=O)CCC1=O,MVNNVKYBRUQISE-ZDUSSCGKSA-N,O=C1CCCCN1c1cccc2ccccc12,3.9426,1,0.0,False,False,282.34299999999996,44.5172
x5581a,CSc1ncnc(SC)c1CC(=O)N1CCC[C@H](C(N)=O)C1,NRUIYFYCQZEWAO-VIFPVBQESA-N,O=C(Cc1cncnc1)N1CCCCC1,5.699,1,0.0,False,False,340.4740000000001,41.9643
x5594a_x5594b,N#Cc1ccncc1OC(=O)N1CCC[C@H](C(N)=O)C1,HIVMPDDOIHQVRV-JTQLQIEISA-N,O=C(Oc1cccnc1)N1CCCCC1,4.5043,2,0.0,False,False,274.28,46.992149999999995
x5598a_x5598b,CSc1ccc(N2CCOCC2)cc1NC(=O)N1CCC[C@H](C(N)=O)C1,DTYSDMKYQACGHV-ZDUSSCGKSA-N,O=C(Nc1cccc(N2CCOCC2)c1)N1CCCCC1,4.9249,2,0.0,False,False,378.4980000000002,37.49425
x5599a_x5599b,Cc1ccc2c(c1OC(=O)N1CCC[C@H](C(N)=O)C1)CCC2,DHLNTWFIHNKPQE-ZDUSSCGKSA-N,O=C(Oc1cccc2c1CCC2)N1CCCCC1,4.4793,2,0.0,False,False,302.37400000000014,46.032849999999996
x5604a,CSc1ccc(-n2cccn2)cc1CC(=O)N1CCC[C@H](C(N)=O)C1,ABVHNYDJTCAVQG-ZDUSSCGKSA-N,O=C(Cc1cccc(-n2cccn2)c1)N1CCCCC1,6.0176,1,0.0,False,False,358.4670000000002,41.4544
x5608a_x5608b,NC(=O)[C@H]1CCC(=O)N(Cc2ccsc2)C1,PBUUWCCSQUZBPD-VIFPVBQESA-N,O=C1CCCCN1Cc1ccsc1,3.7741,2,0.0,False,False,238.312,46.510000000000005
x5635a_x5635b,NC(=O)[C@H]1CCC(=O)N(Cc2cc(F)cnc2C(F)(F)F)C1,KFDUDFJSRZLPGY-ZETCQYMHSA-N,O=C1CCCCN1Cc1cccnc1,4.3155,2,0.0,False,False,319.25800000000004,48.5654
x5665a,NC(=O)[C@H]1CCC(=O)N([C@@H](CC(F)(F)F)c2cc(Cl)cc(Cl)c2)C1,VFFKDHGLJUKMIZ-UFBFGSQYSA-N,O=C1CCCCN1Cc1ccccc1,4.328,1,0.0,False,False,383.1970000000001,37.8549
x5666a,CSc1ncnc(N2CCc3ccsc3C2)c1CC(=O)N1CCC[C@H](C(N)=O)C1,SYEWZSIFJAGIJX-AWEZNQCLSA-N,O=C(Cc1cncnc1N1CCc2ccsc2C1)N1CCCCC1,5.7946,1,0.0,False,False,431.58700000000033,45.1116
x5673a,C[C@@H](c1cccc(Cl)c1F)N1C[C@@H](C(N)=O)CCC1=O,AYCSOXVGUFYIAJ-IUCAKERBSA-N,O=C1CCCCN1Cc1ccccc1,4.6326,1,0.0,False,False,298.74500000000006,41.1901
x5676a,CC[C@@H](c1ccc(Cl)c(Cl)c1)N1C[C@@H](C(N)=O)CCC1=O,OFQAWIRKOVOERS-GWCFXTLKSA-N,O=C1CCCCN1Cc1ccccc1,4.0124,1,0.0,False,False,329.22700000000015,39.8466
x5687a,CSc1cccc2c1[C@H](C(=O)N1CCC[C@H](C(N)=O)C1)CC2,XEFOMEIZTSSNRQ-QWHCGFSZSA-N,O=C(C1CCc2ccccc21)N1CCCCC1,6.1051,1,0.0,False,False,318.4420000000001,44.0906
x5699a,CC[C@@H](c1cc(F)cc(Br)c1)N1C[C@@H](C(N)=O)CCC1=O,RACPZNTUEABHCE-ZANVPECISA-N,O=C1CCCCN1Cc1ccccc1,4.7122,1,0.0,False,False,357.2230000000002,43.8648
x5705a_x5705b,NC(=O)[C@H]1CCN(C(=O)[C@@H]2CCCN2C(=O)c2cccs2)C1,ANXNOMAXBCORMT-QWRGUYRKSA-N,O=C(C1CCCN1C(=O)c1cccs1)N1CCCC1,5.0123,2,0.0,False,False,321.40200000000004,45.9833
x5721a_x5721b,Cn1ncc2ccc(CN3C[C@@H](C(N)=O)CC(C)(C)C3=O)cc21,QZPAYBODFQEUPI-ZDUSSCGKSA-N,O=C1CCCCN1Cc1ccc2cn[nH]c2c1,4.0057,2,0.0,False,False,314.389,39.682
x5728a,NC(=O)[C@H]1CCN(C(=O)[C@@H]2CCOc3ccc(Cl)cc32)C1,DXRBFUNEIWHBQH-GXSJLCMTSA-N,O=C(C1CCOc2ccccc21)N1CCCC1,4.4372,1,0.0,False,False,308.76500000000004,42.3862
x5744a,C[C@@H](c1ccc2[nH]ncc2c1)N1C[C@@H](C(N)=O)CCC1=O,DPGPSZQAQJOTCN-ONGXEEELSA-N,O=C1CCCCN1Cc1ccc2[nH]ncc2c1,4.1801,1,0.0,False,False,286.33500000000004,42.5449
x5747a,C#C[C@@H]1CCCC[C@H]1OC(=O)N1CCC[C@H](C(N)=O)C1,OPBDKJGOIYOKJK-FRRDWIJNSA-N,O=C(OC1CCCCC1)N1CCCCC1,4.0119,1,0.0,False,False,278.35200000000003,51.1277
x5758a_x5758b,CSc1ccc(Br)cc1CC(=O)N1[C@H]2CC[C@H](C(N)=O)[C@@H]1CC2,DRJHHNWRURSECR-IHRRRGAJSA-N,O=C(Cc1ccccc1)N1C2CCCC1CC2,4.0227,2,0.0,False,False,397.3380000000002,42.9706
x5766a,C[C@H]1CC(=O)N(Cc2ccc3cnn(C)c3c2)C[C@H]1C(N)=O,XGIYTFALXPLMBF-GXFFZTMASA-N,O=C1CCCCN1Cc1ccc2cn[nH]c2c1,4.2079,1,0.0,False,False,300.3620000000001,39.2305
x5777a_x5777b,C[C@@H]1CC(=O)N(Cc2ccc3cnn(C)c3c2)C[C@H]1C(N)=O,XGIYTFALXPLMBF-ZWNOBZJWSA-N,O=C1CCCCN1Cc1ccc2cn[nH]c2c1,4.7643,2,0.0,False,False,300.3620000000001,39.761
x5779a,NC(=O)[C@H]1CCN(C(=O)Cn2cc(Br)cc(Cl)c2=O)C1,UVJVWTNRUZJAGE-ZETCQYMHSA-N,O=C(Cn1ccccc1=O)N1CCCC1,4.0249,1,0.0,False,False,362.61100000000016,42.2573
x5788a,CSc1cccc(-n2ccnc2)c1CC(=O)N1CCC[C@H](C(N)=O)C1,KUJZRCWNIABCKO-ZDUSSCGKSA-N,O=C(Cc1ccccc1-n1ccnc1)N1CCCCC1,5.5089,1,0.0,False,False,358.4670000000002,37.2224
x5798a_x5798b,NC(=O)[C@H]1C[C@H]2C[C@H]2N(C(=O)Cc2ccccc2Cl)C1,DRWJECBNWGNVSV-GMXVVIOVSA-N,O=C(Cc1ccccc1)N1CCCC2CC21,4.4763,2,0.0,False,False,292.7660000000001,45.7061
x5802a_x5802b,NC(=O)[C@H]1C[C@@H]2C[C@@H]2N(C(=O)Cc2ccccc2Cl)C1,DRWJECBNWGNVSV-MDZLAQPJSA-N,O=C(Cc1ccccc1)N1CCCC2CC21,4.5797,2,0.0,False,False,292.7660000000001,45.2226
x5808a_x5808b,CSc1ncnc(N2CC(c3nncn3C)C2)c1CC(=O)N1CCC[C@H](C(N)=O)C1,WSOBGZPKIYYRMB-LBPRGKRZSA-N,O=C(Cc1cncnc1N1CC(c2nnc[nH]2)C1)N1CCCCC1,6.3262,2,0.0,False,False,430.53800000000035,33.5933
x5819a_x5819b,CSc1ccc(Br)cc1OC(=O)N1C[C@H](C(N)=O)CC[C@@H]1C,PUEAHZHKWYQHIW-VHSXEESVSA-N,O=C(Oc1ccccc1)N1CCCCC1,4.7579,2,0.0,False,False,387.2990000000002,45.0296
x5824a_x5824b,NC(=O)[C@H]1CCN(C(=O)Cn2c(=O)sc3ccc(Cl)cc32)C1,HNSIFQLUPWJUDE-QMMMGPOBSA-N,O=C(Cn1c(=O)sc2ccccc21)N1CCCC1,4.0017,2,0.0,False,False,339.80400000000014,46.89385
x5830a,CSc1ccc(Br)cc1OC(=O)N1C[C@@H](C(N)=O)C[C@@H]2C[C@@H]21,OBISHXCLXPHLAO-YWVKMMECSA-N,O=C(Oc1ccccc1)N1CCCC2CC21,6.135,1,0.0,False,False,385.2830000000002,42.5294
x5833a,CSc1ccc(-n2ccnc2)cc1CC(=O)N1CCC[C@H](C(N)=O)C1,XSVQTGJPICWOOG-ZDUSSCGKSA-N,O=C(Cc1cccc(-n2ccnc2)c1)N1CCCCC1,5.8167,1,0.0,False,False,358.4670000000002,40.2012
x5836a,CSc1ccc(-c2cn[nH]c2)cc1CC(=O)N1C[C@@H](C([NH3+])=O)C[C@@H]2C[C@@H]21,BOMTZFMBARVTTP-INWMFGNUSA-O,O=C(Cc1cccc(-c2cn[nH]c2)c1)N1CCCC2CC21,6.4383,1,0.0,False,False,371.48600000000016,42.8104
x5850a,CSc1cccc2c1[C@@H](C(=O)N1CCC[C@H](C(N)=O)C1)CCC2,YUKYNNVBEAAGDT-KBPBESRZSA-N,O=C(C1CCCc2ccccc21)N1CCCCC1,4.9132,1,0.0,False,False,332.46900000000016,42.5227
x5854a_x6877a,CSc1ccc2ncccc2c1NC(=O)N1C[C@@H](C(N)=O)C[C@@H]2C[C@@H]21,KLWOTIIGDYQSMD-SUNKGSAMSA-N,O=C(Nc1cccc2ncccc12)N1CCCC2CC21,5.9125499999999995,2,0.48609999999999953,False,False,356.45100000000014,42.196349999999995
x5857a,CSc1cccc(-c2ccc(C(F)(F)F)o2)c1CC(=O)N1CCC[C@H](C(N)=O)C1,AJWDXRMQOASUAE-LBPRGKRZSA-N,O=C(Cc1ccccc1-c1ccco1)N1CCCCC1,5.7858,1,0.0,False,False,426.4600000000003,39.4226
x5864a,CSc1ccc(-c2csc(C(F)F)c2)cc1CC(=O)N1CCC[C@H](C(N)=O)C1,ABQUDLTVNIDLLH-ZDUSSCGKSA-N,O=C(Cc1cccc(-c2ccsc2)c1)N1CCCCC1,6.1046,1,0.0,False,False,424.5380000000003,41.2378
x5868a,CC(C)[C@@H](c1cc(Cl)cc(Br)c1)N1C[C@@H](C(N)=O)CCC1=O,YCSMHYIJJPLBDW-BONVTDFDSA-N,O=C1CCCCN1Cc1ccccc1,4.5644,1,0.0,False,False,387.7050000000002,43.8317
x5877a,COc1ncc(-c2ccc(SC)c(CC(=O)N3CCC[C@H](C(N)=O)C3)c2)cc1C#N,UMHQFBQAHMBPGK-HNNXBMFYSA-N,O=C(Cc1cccc(-c2cccnc2)c1)N1CCCCC1,5.6129,1,0.0,False,False,424.52600000000024,37.4107
x5879a_x5879b,CSc1ccc(-c2cc(C)c(=O)n(C)c2)cc1CC(=O)N1CCC[C@H](C(N)=O)C1,FJUPHHDOKRUIQN-INIZCTEOSA-N,O=C(Cc1cccc(-c2ccc(=O)[nH]c2)c1)N1CCCCC1,6.031,2,0.0,False,False,413.5430000000003,37.970600000000005
x5884a,CSc1cccc(-c2ccc(C(F)(F)F)cc2C#N)c1CC(=O)N1CCC[C@H](C(N)=O)C1,DMWZFKGGOHOOMO-AWEZNQCLSA-N,O=C(Cc1ccccc1-c1ccccc1)N1CCCCC1,5.6569,1,0.0,False,False,461.50900000000036,37.394
x5891a,CSc1ccc(Br)cc1[C@@H](NC(=O)OC(C)(C)C)C(=O)N1CC[C@H](C(N)=O)C1,HLMMBRUHLVCJLZ-XHDPSFHLSA-N,O=C(Cc1ccccc1)N1CCCC1,4.6163,1,0.0,False,False,472.40500000000037,32.9917
x5992a_x5992b,CSc1ccccc1CC(=O)N1C[C@@H](C(N)=O)CC[C@@H]1CO,PLOVHDGONIQNBT-QWHCGFSZSA-N,O=C(Cc1ccccc1)N1CCCCC1,4.5997,2,0.0,False,False,322.43000000000006,39.761700000000005
x5995a_x5995b,CSc1cccc2c1[C@H](C(=O)N1CCC[C@H](C(N)=O)C1)CCC2,YUKYNNVBEAAGDT-UONOGXRCSA-N,O=C(C1CCCc2ccccc21)N1CCCCC1,4.9132,2,0.0,False,False,332.46900000000016,40.4001
x6021a,CNc1ncnc(SC)c1CC(=O)N1CCC[C@H](C(N)=O)C1,FUUJCALBMAEWIT-VIFPVBQESA-N,O=C(Cc1cncnc1)N1CCCCC1,5.472,1,0.0,False,False,323.422,42.7886
x6025a,CSc1ccc(-c2cccc3cnn(C)c23)cc1CC(=O)N1CCC[C@H](C(N)=O)C1,DPARVPUMDOXMCI-KRWDZBQOSA-N,O=C(Cc1cccc(-c2cccc3cn[nH]c23)c1)N1CCCCC1,4.8525,1,0.0,False,False,422.5540000000003,40.4346
x6027a,C=C(C)c1cccc(SC)c1CC(=O)N1CCC[C@H](C(N)=O)C1,YRADMLSAFDEQOO-ZDUSSCGKSA-N,O=C(Cc1ccccc1)N1CCCCC1,5.4359,1,0.0,False,False,332.46900000000005,44.4934
x6028a,CSc1cccc(-c2cn(C)c(=O)c3ccccc23)c1CC(=O)N1CCC[C@H](C(N)=O)C1,AKGXIKRSYCTQRK-INIZCTEOSA-N,O=C(Cc1ccccc1-c1c[nH]c(=O)c2ccccc12)N1CCCCC1,6.0863,1,0.0,False,False,449.57600000000036,34.8176
x6032a,CSc1ccc(-c2cncc(C)c2C)cc1CC(=O)N1CCC[C@H](C(N)=O)C1,CARLCOXNHFFGCA-KRWDZBQOSA-N,O=C(Cc1cccc(-c2cccnc2)c1)N1CCCCC1,5.402,1,0.0,False,False,397.5440000000002,43.1241
x6035a,CSc1ccc(-c2cncc3ccccc23)cc1CC(=O)N1CCC[C@H](C(N)=O)C1,CLUUYIZDRAOGSP-SFHVURJKSA-N,O=C(Cc1cccc(-c2cncc3ccccc23)c1)N1CCCCC1,5.4841,1,0.0,False,False,419.5500000000003,44.2734
x6714a,NC(=O)[C@H]1CCC(=O)N(c2cc3cnccc3c(F)c2F)C1,SKCCTKATRSUZGU-QMMMGPOBSA-N,O=C1CCCCN1c1ccc2ccncc2c1,4.8017,1,0.0,False,False,305.2840000000001,52.1209
x6726a,CSc1ccccc1[C@H](NC(=O)CC1CC1)C(=O)N1CC[C@H](C(N)=O)C1,KOPJSUMJOVVPKU-GUYCJALGSA-N,O=C(CC1CC1)NC(C(=O)N1CCCC1)c1ccccc1,4.2873,1,0.0,False,False,375.49400000000014,39.1487
x6730a,Cc1sc([C@H](C)N2C[C@@H](C(N)=O)CCC2=O)nc1-c1ccco1,VQMPAKWRWUKGHP-ONGXEEELSA-N,O=C1CCCCN1Cc1nc(-c2ccco2)cs1,4.6043,1,0.0,False,False,333.413,39.424
x6736a,COc1ncccc1-c1ccc(SC)c(CC(=O)N2CCC[C@H](C(N)=O)C2)c1,YYBIZDDXJYZWLR-HNNXBMFYSA-N,O=C(Cc1cccc(-c2cccnc2)c1)N1CCCCC1,5.9263,1,0.0,False,False,399.51600000000025,40.032
x6738a,CCC1(CC)CCN(c2ncnc(SC)c2CC(=O)N2CCC[C@H](C(N)=O)C2)C1,HRHFOMIWWTYHBO-HNNXBMFYSA-N,O=C(Cc1cncnc1N1CCCC1)N1CCCCC1,6.266,1,0.0,False,False,419.5950000000003,37.2982
x6739a,CSc1ccc(C(=O)N2Cc3nccc(C)c3C2)cc1CC(=O)N1CCC[C@H](C(N)=O)C1,VGEUHBCCKNTGEV-KRWDZBQOSA-N,O=C(Cc1cccc(C(=O)N2Cc3cccnc3C2)c1)N1CCCCC1,5.7321,1,0.0,False,False,452.5800000000004,29.6691
x6746a,CSc1ccc(-c2ccncc2)cc1NC(=O)N1C[C@@H](C(N)=O)C[C@@H]2C[C@@H]21,KHKRSDFEVWUCLT-VYDXJSESSA-N,O=C(Nc1cccc(-c2ccncc2)c1)N1CCCC2CC21,5.742,1,0.0,False,False,382.4890000000002,45.0965
x6769a,CSc1ccc(-c2cc(C#N)ncc2F)cc1CC(=O)N1CCC[C@H](C(N)=O)C1,YNXRBOQATUIEKE-AWEZNQCLSA-N,O=C(Cc1cccc(-c2ccncc2)c1)N1CCCCC1,5.6827,1,0.0,False,False,412.4900000000003,38.7558
x6778a,CSc1ccc(-c2cccnc2C(C)C)cc1CC(=O)N1CCC[C@H](C(N)=O)C1,NIIYDKLTTJMHTK-KRWDZBQOSA-N,O=C(Cc1cccc(-c2cccnc2)c1)N1CCCCC1,5.633,1,0.0,False,False,411.5710000000003,41.0691
x6791a,CSc1ccc(-c2ccnc(N(C)C)c2)cc1CC(=O)N1CCC[C@H](C(N)=O)C1,ZFSHNCRVVUQTKK-KRWDZBQOSA-N,O=C(Cc1cccc(-c2ccncc2)c1)N1CCCCC1,6.2127,1,0.0,False,False,412.5590000000003,37.466
x6794a,CSc1cccc(-c2sccc2C2CC2)c1CC(=O)N1CCC[C@H](C(N)=O)C1,DXCNFZYKBQNLCJ-HNNXBMFYSA-N,O=C(Cc1ccccc1-c1sccc1C1CC1)N1CCCCC1,5.5086,1,0.0,False,False,414.5960000000003,37.124
x6802a,CSc1ncnc(N2CCN(c3ccccn3)CC2)c1CC(=O)N1CCC[C@H](C(N)=O)C1,CMLYZSISUABRMO-INIZCTEOSA-N,O=C(Cc1cncnc1N1CCN(c2ccccn2)CC1)N1CCCCC1,6.4862,1,0.0,False,False,455.5880000000005,33.4203
x6808a,CSc1ncnc(N2Cc3ccccc3C2)c1CC(=O)N1CCC[C@H](C(N)=O)C1,FMAFKAIQIZVHJI-INIZCTEOSA-N,O=C(Cc1cncnc1N1Cc2ccccc2C1)N1CCCCC1,6.0069,1,0.0,False,False,411.5310000000003,42.5395
x6816a_x6816b,CSc1ccccc1[C@@H](NC(=O)Cn1cccn1)C(=O)N1CC[C@H](C(N)=O)C1,MSKLCYVNMVJYFH-SUMWQHHRSA-N,O=C(Cn1cccn1)NC(C(=O)N1CCCC1)c1ccccc1,4.7305,2,0.0,False,False,401.49200000000025,33.787099999999995
x6818a,CSc1ccccc1[C@@H](NC(=O)CC(F)(F)F)C(=O)N1CC[C@H](C(N)=O)C1,AVIMUAMCXJSNRD-IINYFYTJSA-N,O=C(Cc1ccccc1)N1CCCC1,4.1569,1,0.0,False,False,403.4260000000002,34.5456
x6819a,CSc1ccccc1[C@@H](NC(=O)Cc1ccccc1)C(=O)N1CC[C@H](C(N)=O)C1,DYSVBGHFAFGLKW-OXJNMPFZSA-N,O=C(Cc1ccccc1)NC(C(=O)N1CCCC1)c1ccccc1,4.5053,1,0.0,False,False,411.5270000000002,39.3594
x6821a,CSc1ccccc1[C@@H](NC(=O)CNC(C)=O)C(=O)N1CC[C@H](C(N)=O)C1,NXIRFXBFKMYXLW-BLLLJJGKSA-N,O=C(Cc1ccccc1)N1CCCC1,5.1996,1,0.0,False,False,392.4810000000002,30.9776
x6827a,CSc1ccc(C2=CC[NH2+]CC2)cc1CC(=O)N1CCC[C@H](C(N)=O)C1,RKDWABXNZPDZSA-INIZCTEOSA-O,O=C(Cc1cccc(C2=CC[NH2+]CC2)c1)N1CCCCC1,6.3598,1,0.0,False,False,374.53000000000014,37.5896
x6832a,CSc1ncnc(N2CCC[C@@H]2C(N)=O)c1CC(=O)N1CCC[C@H](C(N)=O)C1,KQMBDELWKRORBW-WCQYABFASA-N,O=C(Cc1cncnc1N1CCCC1)N1CCCCC1,7.7144,1,0.0,False,False,406.5120000000002,40.5085
x6838a,CSc1ncnc(N2CCCC2)c1CC(=O)N1C[C@@H](C([NH3+])=O)C[C@@H]2C[C@@H]21,VFCATZYQTOUURY-DYEKYZERSA-O,O=C(Cc1cncnc1N1CCCC1)N1CCCC2CC21,6.5697,1,0.0,False,False,376.50600000000014,40.7036
x6844a,CCOC(=O)N[C@H](C(=O)N1CC[C@H](C(N)=O)C1)c1ccccc1SC,QYDAUYVEGCLERP-FZMZJTMJSA-N,O=C(Cc1ccccc1)N1CCCC1,4.6063,1,0.0,False,False,365.455,43.2234
x6847a,CSc1ccccc1[C@@H](NC(=O)OC(C)(C)C)C(=O)N1CC[C@H](C(N)=O)C1,WCXBOBOFZMRIKC-SWLSCSKDSA-N,O=C(Cc1ccccc1)N1CCCC1,4.6216,1,0.0,False,False,393.5090000000002,34.0873
x6851a,CSc1ccccc1[C@H](NC(=O)OC(C)(C)C)C(=O)N1CC[C@H](C(N)=O)C1,WCXBOBOFZMRIKC-WFASDCNBSA-N,O=C(Cc1ccccc1)N1CCCC1,4.6216,1,0.0,False,False,393.5090000000002,44.4962
x6853a,CCC(=O)N[C@@H](C(=O)N1CC[C@H](C(N)=O)C1)c1ccccc1SC,SIRZJBVGLHBWTL-XHDPSFHLSA-N,O=C(Cc1ccccc1)N1CCCC1,4.5565,1,0.0,False,False,349.456,35.3739
x6856a,CSc1ccccc1[C@@H](NC(=O)Cc1cccnc1)C(=O)N1CC[C@H](C(N)=O)C1,ADWHWXGZKUSWKW-HNAYVOBHSA-N,O=C(Cc1cccnc1)NC(C(=O)N1CCCC1)c1ccccc1,4.6078,1,0.0,False,False,412.5150000000002,30.828
x6895a,CSc1ncnc(N2CC(CC3CCC3)C2)c1CC(=O)N1CCC[C@H](C(N)=O)C1,MNCAGXWPRLXPKR-INIZCTEOSA-N,O=C(Cc1cncnc1N1CC(CC2CCC2)C1)N1CCCCC1,5.6927,1,0.0,False,False,417.5790000000003,43.2128
x6914a,CSc1ncnc(N(C)Cc2nn(C)cc2Cl)c1CC(=O)N1CCC[C@H](C(N)=O)C1,YEVCRJQWBBCFJT-LBPRGKRZSA-N,O=C(Cc1cncnc1NCc1cc[nH]n1)N1CCCCC1,7.1505,1,0.0,False,False,451.9840000000004,35.7345
x6920a,CSc1ncnc(N2CC(C)C2)c1CC(=O)N1CCC[C@H](C(N)=O)C1,MXURQSJCHNDTCX-LBPRGKRZSA-N,O=C(Cc1cncnc1N1CCC1)N1CCCCC1,6.5269,1,0.0,False,False,363.4870000000002,36.2956
x6925a,CSc1ccc(-c2cnnn2C)cc1CC(=O)N1CCC[C@H](C(N)=O)C1,IJDOPTYZAKIMFV-ZDUSSCGKSA-N,O=C(Cc1cccc(-c2cnn[nH]2)c1)N1CCCCC1,5.4379,1,0.0,False,False,373.4820000000002,40.0234
x6932a,CSc1ccc(Br)cc1OC(=O)N1C[C@H](C(N)=O)C[C@H]2C[C@H]21,OBISHXCLXPHLAO-IQJOONFLSA-N,O=C(Oc1ccccc1)N1CCCC2CC21,6.4428,1,0.0,False,False,385.2830000000002,40.569
x6934a,CSc1ccccc1[C@@H](NC(=O)C1CC1)C(=O)N1CC[C@H](C(N)=O)C1,JSRMIJGPEBVEAI-SWLSCSKDSA-N,O=C(NC(C(=O)N1CCCC1)c1ccccc1)C1CC1,4.612,1,0.0,False,False,361.46700000000016,34.7922
x6938a,CSc1cccc(C2=CCCCC2)c1CC(=O)N1CCC[C@H](C(N)=O)C1,KZNFFSBRVGGGOX-INIZCTEOSA-N,O=C(Cc1ccccc1C1=CCCCC1)N1CCCCC1,5.3585,1,0.0,False,False,372.53400000000016,38.1952
x6945a,CCn1nccc1C(=O)N[C@@H](C(=O)N1CC[C@H](C(N)=O)C1)c1ccccc1SC,PMQJHMKUSABMPF-SUMWQHHRSA-N,O=C(NC(C(=O)N1CCCC1)c1ccccc1)c1ccn[nH]1,4.1977,1,0.0,False,False,415.5190000000001,32.8594
x6948a_x6948b,CSc1ccc(-c2cncc(S(C)(=O)=O)c2)cc1CC(=O)N1CCC[C@H](C(N)=O)C1,WFKLTINKSOTEBK-HNNXBMFYSA-N,O=C(Cc1cccc(-c2cccnc2)c1)N1CCCCC1,5.6878,2,0.0,False,False,447.58200000000033,36.21465
x6955a_x6955b,CSc1cccc(-c2cc(C(F)(F)F)nn2C)c1CC(=O)N1CCC[C@H](C(N)=O)C1,BTRBYKXOAGIGBW-LBPRGKRZSA-N,O=C(Cc1ccccc1-c1ccn[nH]1)N1CCCCC1,5.1507,2,0.0,False,False,440.4910000000003,36.4667
x6980a,CSc1ccc2ncccc2c1NC(=O)N1C[C@@H](C(N)=O)C[C@H]2C[C@H]21,KLWOTIIGDYQSMD-COPLHBTASA-N,O=C(Nc1cccc2ncccc12)N1CCCC2CC21,5.6695,1,0.0,False,False,356.45100000000014,42.4377
x6991a,CSc1ccccc1[C@@H](NC(=O)C1(C)CCC1)C(=O)N1CC[C@H](C(N)=O)C1,SERJDBJPMRMZCG-XJKSGUPXSA-N,O=C(NC(C(=O)N1CCCC1)c1ccccc1)C1CCC1,4.6109,1,0.0,False,False,389.5210000000002,34.7629
x7002a,CSc1ccc(-c2cnco2)cc1OC(=O)N1C[C@H](C(N)=O)C[C@H]2C[C@H]21,ZIOBZRCQJYMYGQ-YNEHKIRRSA-N,O=C(Oc1cccc(-c2cnco2)c1)N1CCCC2CC21,6.623,1,0.0,False,False,373.43400000000014,44.8068
x7008a,CSc1ncnc(N2CCC(N(C)S(C)(=O)=O)CC2)c1CC(=O)N1CCC[C@H](C(N)=O)C1,RCNAVBGZZNRBSQ-AWEZNQCLSA-N,O=C(Cc1cncnc1N1CCCCC1)N1CCCCC1,6.5122,1,0.0,False,False,484.6480000000005,31.8357
x7011a,CC[C@H]1CCCN1c1ncnc(SC)c1CC(=O)N1CCC[C@H](C(N)=O)C1,VJGMWMFSSRTXRY-KBPBESRZSA-N,O=C(Cc1cncnc1N1CCCC1)N1CCCCC1,7.3026,1,0.0,False,False,391.5410000000003,36.6061
x7015a,CSc1ncnc(N2CCc3ccccc3CC2)c1CC(=O)N1CCC[C@H](C(N)=O)C1,BVWNLNYIQUZDCR-SFHVURJKSA-N,O=C(Cc1cncnc1N1CCc2ccccc2CC1)N1CCCCC1,6.483,1,0.0,False,False,439.5850000000004,35.9192
x7018a,COC(=O)N1CCCN(c2ncnc(SC)c2CC(=O)N2CCC[C@H](C(N)=O)C2)CC1,OPFOBNWNVRQXOH-AWEZNQCLSA-N,O=C(Cc1cncnc1N1CCCNCC1)N1CCCCC1,5.7455,1,0.0,False,False,450.56500000000045,32.6415
x7021a,CSc1ccc(C2=CCOCC2)cc1OC(=O)N1C[C@@H](C(N)=O)C[C@@H]2C[C@@H]21,TYQMAZMCOCBBCL-PMPSAXMXSA-N,O=C(Oc1cccc(C2=CCOCC2)c1)N1CCCC2CC21,6.2782,1,0.0,False,False,388.48900000000015,42.9782
x7024a,CSc1ncnc(N2CCC3(CCCC3)C2)c1CC(=O)N1CCC[C@H](C(N)=O)C1,IUIKFIMAKGNBEG-HNNXBMFYSA-N,O=C(Cc1cncnc1N1CCC2(CCCC2)C1)N1CCCCC1,6.4622,1,0.0,False,False,417.57900000000024,43.1507
x7025a,CSc1ncnc(N2CC[C@@H](OC(F)F)C2)c1CC(=O)N1CCC[C@H](C(N)=O)C1,AMZJNUNKLBQIHT-NWDGAFQWSA-N,O=C(Cc1cncnc1N1CCCC1)N1CCCCC1,6.0481,1,0.0,False,False,429.49300000000034,34.9845
x7026a_x7026b,CSc1ncnc(N2CC[C@H](C)C2)c1CC(=O)N1CCC[C@H](C(N)=O)C1,MXFKDKZOCXSGGY-STQMWFEESA-N,O=C(Cc1cncnc1N1CCCC1)N1CCCCC1,6.2935,2,0.0,False,False,377.5140000000002,35.2792
x7031a,CSc1ncnc(N2CC[C@H](OC(F)F)C2)c1CC(=O)N1CCC[C@H](C(N)=O)C1,AMZJNUNKLBQIHT-RYUDHWBXSA-N,O=C(Cc1cncnc1N1CCCC1)N1CCCCC1,6.9258,1,0.0,False,False,429.49300000000034,34.6722
x7032a,CSc1ccc(-c2cccnc2)cc1OC(=O)N1C[C@@H](C(N)=O)C[C@H]2C[C@H]21,MNPJQONLLQEOAP-HRCADAONSA-N,O=C(Oc1cccc(-c2cccnc2)c1)N1CCCC2CC21,6.0254,1,0.0,False,False,383.4730000000002,45.935
x7035a,CSc1ccccc1[C@@H](NC(=O)C(C)C)C(=O)N1CC[C@H](C(N)=O)C1,KUGAVGWEBGQCQD-SWLSCSKDSA-N,O=C(Cc1ccccc1)N1CCCC1,4.6166,1,0.0,False,False,363.4830000000002,34.6723
x7038a,CSc1ccccc1[C@H](C(=O)N1CC[C@H](C(N)=O)C1)N1CCCC1=O,NOSVMYAOJXIOBJ-BLLLJJGKSA-N,O=C(C(c1ccccc1)N1CCCC1=O)N1CCCC1,7.1943,1,0.0,False,False,361.46700000000016,33.8708
x7043a_x7043b,CSc1ncnc(N2CCn3nc4c(c3C2)CCC4)c1CC(=O)N1CCC[C@H](C(N)=O)C1,KURMNIGQSFRCJS-AWEZNQCLSA-N,O=C(Cc1cncnc1N1CCn2nc3c(c2C1)CCC3)N1CCCCC1,5.6019,2,0.0,False,False,455.5880000000004,36.7904
x7044a,CSc1ccc(-c2ccnn2C2CCC2)cc1OC(=O)N1C[C@H](C(N)=O)C[C@H]2C[C@H]21,DYJCOLODVCXPNM-HDMKZQKVSA-N,O=C(Oc1cccc(-c2ccnn2C2CCC2)c1)N1CCCC2CC21,6.6438,1,0.0,False,False,426.54200000000026,39.2586
x7046a,CSc1ccc(C2=CC[N@@H+](C)CC2)cc1OC(=O)N1C[C@@H](C(N)=O)C[C@H]2C[C@H]21,HPOGHVFAPROJMP-YESZJQIVSA-O,O=C(Oc1cccc(C2=CC[NH2+]CC2)c1)N1CCCC2CC21,6.4554,1,0.0,False,False,402.5400000000002,40.1792
x7056a,CSc1ncnc(N2CCC3(CCC3)C2)c1CC(=O)N1CCC[C@H](C(N)=O)C1,OAILXIWGOTXJOU-AWEZNQCLSA-N,O=C(Cc1cncnc1N1CCC2(CCC2)C1)N1CCCCC1,6.1312,1,0.0,False,False,403.5520000000002,37.8188
x7070a,CSc1ccc(-c2cccnc2)cc1OC(=O)N1C[C@@H](C(N)=O)C[C@@H]2C[C@@H]21,MNPJQONLLQEOAP-PMPSAXMXSA-N,O=C(Oc1cccc(-c2cccnc2)c1)N1CCCC2CC21,6.615,1,0.0,False,False,383.4730000000002,45.2787
x7093a,CSc1ncnc(N2CC[C@@H](SC)C2)c1CC(=O)N1CCC[C@H](C(N)=O)C1,SCQOLZDGTWMKRD-QWHCGFSZSA-N,O=C(Cc1cncnc1N1CCCC1)N1CCCCC1,6.9071,1,0.0,False,False,409.58100000000024,33.1783
x7095a,CSc1ncnc(N2CC(Oc3ccccc3Cl)C2)c1CC(=O)N1CCC[C@H](C(N)=O)C1,LUWCXSLPKRZUFI-AWEZNQCLSA-N,O=C(Cc1cncnc1N1CC(Oc2ccccc2)C1)N1CCCCC1,6.0787,1,0.0,False,False,476.0020000000004,41.7459
x7096a,CSc1ncnc(N2CCC(C(=O)N(C(C)C)C(C)C)CC2)c1CC(=O)N1CCC[C@H](C(N)=O)C1,BKOCDQJVOTXNGW-IBGZPJMESA-N,O=C(Cc1cncnc1N1CCCCC1)N1CCCCC1,6.2253,1,0.0,False,False,504.7010000000005,29.7878
x7101a,CSc1ncnc(N2CCC3(CCCCC3)C2)c1CC(=O)N1CCC[C@H](C(N)=O)C1,FFKUDKQGINMFEN-INIZCTEOSA-N,O=C(Cc1cncnc1N1CCC2(CCCCC2)C1)N1CCCCC1,6.3886,1,0.0,False,False,431.6060000000003,35.6063
x7127a,CSc1ncnc(N2CCC[C@@H]2Cn2cccn2)c1CC(=O)N1CCC[C@H](C(N)=O)C1,GRIISHFQDSWMHQ-JKSUJKDBSA-N,O=C(Cc1cncnc1N1CCCC1Cn1cccn1)N1CCCCC1,6.1893,1,0.0,False,False,443.57700000000034,40.0679
x7130a,CSc1ncnc(N2CCn3ncc(C#N)c3C2)c1CC(=O)N1CCC[C@H](C(N)=O)C1,XNJJZNUZOHMGJV-ZDUSSCGKSA-N,O=C(Cc1cncnc1N1CCn2nccc2C1)N1CCCCC1,6.1311,1,0.0,False,False,440.5330000000004,38.3945
x7132a,CSc1ncnc(N2CCC[C@@H]2Cc2ccnn2C)c1CC(=O)N1CCC[C@H](C(N)=O)C1,ZNDLAYJMEIJKTG-DOTOQJQBSA-N,O=C(Cc1cncnc1N1CCCC1Cc1ccn[nH]1)N1CCCCC1,7.3594,1,0.0,False,False,457.6040000000004,38.1587
x7135a,CSc1ncnc(N2CCC[C@@H]2C(C)C)c1CC(=O)N1CCC[C@H](C(N)=O)C1,CTBIOEQGIJZTNK-GOEBONIOSA-N,O=C(Cc1cncnc1N1CCCC1)N1CCCCC1,7.7602,1,0.0,False,False,405.56800000000027,37.3312
x7147a,CSc1ncnc(N2CCC[C@@H]2CC(C)C)c1CC(=O)N1CCC[C@H](C(N)=O)C1,ZADGZATZDAFQSC-JKSUJKDBSA-N,O=C(Cc1cncnc1N1CCCC1)N1CCCCC1,7.1999,1,0.0,False,False,419.5950000000003,37.4292
x7151a,CSc1ncnc(N2CCc3cnc(C(C)C)nc3C2)c1CC(=O)N1CCC[C@H](C(N)=O)C1,ZOAPRKUEGPKMHS-INIZCTEOSA-N,O=C(Cc1cncnc1N1CCc2cncnc2C1)N1CCCCC1,5.9127,1,0.0,False,False,469.6150000000004,30.2504
x7154a,CSc1ncnc(N2CCC(N3CCOC3=O)CC2)c1CC(=O)N1CCC[C@H](C(N)=O)C1,LIRTYSBCDOYRJA-AWEZNQCLSA-N,O=C(Cc1cncnc1N1CCC(N2CCOC2=O)CC1)N1CCCCC1,5.9235,1,0.0,False,False,462.5760000000004,33.1294
x7161a,COC[C@@H]1CCCN1c1ncnc(SC)c1CC(=O)N1CCC[C@H](C(N)=O)C1,KWWMDQMQJUVVBC-KBPBESRZSA-N,O=C(Cc1cncnc1N1CCCC1)N1CCCCC1,5.029,1,0.0,False,False,407.5400000000003,35.9276
x7167a_x7167b,CSc1ccc(-c2ccnn2C(C)(C)C)cc1OC(=O)N1CCC[C@H](C(N)=O)C1,HEIPZLUPWYUSNO-HNNXBMFYSA-N,O=C(Oc1cccc(-c2ccn[nH]2)c1)N1CCCCC1,4.9121,2,0.0,False,False,416.5470000000003,39.153949999999995
x7169a,CCC1(CC)CN(c2ncnc(SC)c2CC(=O)N2CCC[C@H](C(N)=O)C2)CCS1(=O)=O,UWTMHSZHNBJJSJ-HNNXBMFYSA-N,O=C(Cc1cncnc1N1CCS(=O)(=O)CC1)N1CCCCC1,6.0704,1,0.0,False,False,483.6600000000004,30.7296
x7170a,CSc1ncnc(N2CCC(C#N)(CC(C)C)CC2)c1CC(=O)N1CCC[C@H](C(N)=O)C1,BIWCXWQGWMYUAL-KRWDZBQOSA-N,O=C(Cc1cncnc1N1CCCCC1)N1CCCCC1,6.2651,1,0.0,False,False,458.6320000000004,34.9324
x7172a,CSc1ncnc(N(C)C2CCC2)c1CC(=O)N1CCC[C@H](C(N)=O)C1,RTWOTOHGSROLRC-LBPRGKRZSA-N,O=C(Cc1cncnc1NC1CCC1)N1CCCCC1,6.3234,1,0.0,False,False,377.5140000000002,36.2623
x7175a,COC[C@H]1CCCN1c1ncnc(SC)c1CC(=O)N1CCC[C@H](C(N)=O)C1,KWWMDQMQJUVVBC-UONOGXRCSA-N,O=C(Cc1cncnc1N1CCCC1)N1CCCCC1,7.1973,1,0.0,False,False,407.5400000000003,35.9478
x7176a,CSc1ncnc(N(C)Cc2cc(F)c(F)c(F)c2)c1CC(=O)N1CCC[C@H](C(N)=O)C1,OZQATTYVJVSQDL-ZDUSSCGKSA-N,O=C(Cc1cncnc1NCc1ccccc1)N1CCCCC1,6.245,1,0.0,False,False,467.51700000000034,37.8071
x7184a,CSc1ccc(-c2ccncc2)cc1OC(=O)N1C[C@H](C(N)=O)C[C@H]2C[C@H]21,MFDPNQGNGMNNID-ARFHVFGLSA-N,O=C(Oc1cccc(-c2ccncc2)c1)N1CCCC2CC21,6.0584,1,0.0,False,False,383.4730000000002,45.6663
x7190a,CSc1ncnc(N2CC[C@H](C(=O)N3CCC(C)CC3)C2)c1CC(=O)N1CCC[C@H](C(N)=O)C1,BBUACGYWGLJQKU-ROUUACIJSA-N,O=C(Cc1cncnc1N1CCC(C(=O)N2CCCCC2)C1)N1CCCCC1,6.0817,1,0.0,False,False,488.65800000000047,33.7185
x7238a,CO[C@@H]1CCCN(c2ncnc(SC)c2CC(=O)N2CCC[C@H](C(N)=O)C2)C1,HYNVCBXYUKZTBJ-UONOGXRCSA-N,O=C(Cc1cncnc1N1CCCCC1)N1CCCCC1,6.1701,1,0.0,False,False,407.5400000000003,33.8484
x7246a,CSc1ncnc(N2CCC[C@H](C(F)(F)F)C2)c1CC(=O)N1CCC[C@H](C(N)=O)C1,CCNLFQAKSFLOLS-STQMWFEESA-N,O=C(Cc1cncnc1N1CCCCC1)N1CCCCC1,6.2111,1,0.0,False,False,445.51100000000037,36.5958
x7247a,CSc1ncnc(N2CCC[C@H]2Cc2ccnn2C)c1CC(=O)N1CCC[C@H](C(N)=O)C1,ZNDLAYJMEIJKTG-RDJZCZTQSA-N,O=C(Cc1cncnc1N1CCCC1Cc1ccn[nH]1)N1CCCCC1,5.214,1,0.0,False,False,457.6040000000004,31.8361
x7250a,CSc1ncnc(N2CCC[C@H](C)C2)c1CC(=O)N1CCC[C@H](C(N)=O)C1,UJAQULPDHZQXQU-KBPBESRZSA-N,O=C(Cc1cncnc1N1CCCCC1)N1CCCCC1,6.1739,1,0.0,False,False,391.5410000000002,43.5289
x7251a,CSc1ncnc(N(C)CC(C)(C)O)c1CC(=O)N1CCC[C@H](C(N)=O)C1,UZSXRBBJUWQEDJ-LBPRGKRZSA-N,O=C(Cc1cncnc1)N1CCCCC1,6.1347,1,0.0,False,False,395.5290000000002,36.3027
x7254a,CSc1ncnc(N(C)CC2CCCC2)c1CC(=O)N1CCC[C@H](C(N)=O)C1,NFBYXBDVFRRZLZ-HNNXBMFYSA-N,O=C(Cc1cncnc1NCC1CCCC1)N1CCCCC1,6.3047,1,0.0,False,False,405.5680000000002,38.6032
x7256a,CSc1ccc(-c2ccncc2)cc1CC(=O)N1C[C@@H](C(N)=O)C[C@@H]2C[C@@H]21,DRIDVNQRYDKRQG-NJAFHUGGSA-N,O=C(Cc1cccc(-c2ccncc2)c1)N1CCCC2CC21,6.7438,1,0.0,False,False,381.5010000000002,43.6213
x7257a,CSc1ncnc(N2CCC[C@H]2CC(C)C)c1CC(=O)N1CCC[C@H](C(N)=O)C1,ZADGZATZDAFQSC-HOTGVXAUSA-N,O=C(Cc1cncnc1N1CCCC1)N1CCCCC1,5.8238,1,0.0,False,False,419.5950000000003,31.884
x7259a,CSc1ncnc(N2CCC[C@@H]2C2CC2)c1CC(=O)N1CCC[C@H](C(N)=O)C1,KCTRYOMRVVFMNA-GOEBONIOSA-N,O=C(Cc1cncnc1N1CCCC1C1CC1)N1CCCCC1,7.938,1,0.0,False,False,403.55200000000025,37.4535
x7260a,CSc1ccc(-c2cc(C)nn2C)cc1OC(=O)N1CCC[C@H](C(N)=O)C1,QYSGUQSKDYCSGT-AWEZNQCLSA-N,O=C(Oc1cccc(-c2ccn[nH]2)c1)N1CCCCC1,5.4369,1,0.0,False,False,388.4930000000002,40.1429
x7261a,CSc1ccc(-c2ccc(N3CCN(C)CC3)nc2)cc1OC(=O)N1CCC[C@H](C(N)=O)C1,MKANGHVUJFWJSB-IBGZPJMESA-N,O=C(Oc1cccc(-c2ccc(N3CCNCC3)nc2)c1)N1CCCCC1,6.6463,1,0.0,False,False,469.6110000000003,34.0453
x7263a,CSc1ncnc(N2CC(C)(c3ccccc3F)C2)c1CC(=O)N1CCC[C@H](C(N)=O)C1,CGCBEHHIEJRZSK-HNNXBMFYSA-N,O=C(Cc1cncnc1N1CC(c2ccccc2)C1)N1CCCCC1,6.4392,1,0.0,False,False,457.57500000000044,42.6542
x7284a,CSc1ncnc(N2CCC3(CCCO3)CC2)c1CC(=O)N1CCC[C@H](C(N)=O)C1,BWSMEKWCWYLMHW-HNNXBMFYSA-N,O=C(Cc1cncnc1N1CCC2(CCCO2)CC1)N1CCCCC1,6.4667,1,0.0,False,False,433.57800000000026,34.5924
x7287a,CSc1ccc(-c2ocnc2C)cc1OC(=O)N1C[C@@H](C(N)=O)C[C@@H]2C[C@@H]21,CARDANHCRFJDPU-RDBSUJKOSA-N,O=C(Oc1cccc(-c2cnco2)c1)N1CCCC2CC21,5.9643,1,0.0,False,False,387.4610000000002,44.4985
x7297a,CNC(=O)[C@@H]1CCN1c1ncnc(SC)c1CC(=O)N1CCC[C@H](C(N)=O)C1,JVXGKIMQPSHKQD-AAEUAGOBSA-N,O=C(Cc1cncnc1N1CCC1)N1CCCCC1,5.5531,1,0.0,False,False,406.5120000000003,34.8212
x7301a_x7301b,CSc1ccc(-c2cccnc2N)cc1OC(=O)N1CCC[C@H](C(N)=O)C1,NYXKXGPKOKJUFB-ZDUSSCGKSA-N,O=C(Oc1cccc(-c2cccnc2)c1)N1CCCCC1,6.4678,2,0.0,False,False,386.47700000000026,41.89265
x7307a,CSc1ccc(C(=O)N(C)C2CCC(C)(C)CC2)cc1CC(=O)N1CCC[C@H](C(N)=O)C1,LFCPDLNRPRGZID-SFHVURJKSA-N,O=C(NC1CCCCC1)c1cccc(CC(=O)N2CCCCC2)c1,4.8542,1,0.0,False,False,459.65600000000035,34.6907
x7309a,CSc1ncnc(N2CCC[C@@H]2C(=O)N(C)C)c1CC(=O)N1CCC[C@H](C(N)=O)C1,LTDCUDRFVSUTDH-DZGCQCFKSA-N,O=C(Cc1cncnc1N1CCCC1)N1CCCCC1,6.6677,1,0.0,False,False,434.5660000000003,34.7855
x7316a,CSc1ncnc(N2CC[C@H](OC3CC3)C2)c1CC(=O)N1CCC[C@H](C(N)=O)C1,ITCMTXOCIRGABB-ZFWWWQNUSA-N,O=C(Cc1cncnc1N1CCC(OC2CC2)C1)N1CCCCC1,7.1595,1,0.0,False,False,419.5510000000003,35.0411
x7317a_x7317b_x7372a,CSc1ncnc(N2C[C@H]3C[C@H]3C2)c1CC(=O)N1CCC[C@H](C(N)=O)C1,WEICUHPKELQPPL-RWMBFGLXSA-N,O=C(Cc1cncnc1N1CC2CC2C1)N1CCCCC1,6.5585,3,0.0,False,False,375.4980000000002,37.3897
x7318a,CSc1ccc(C(=O)N2CC=CCC23CCC3)cc1CC(=O)N1CCC[C@H](C(N)=O)C1,DAAQADHUWHIQMX-SFHVURJKSA-N,O=C(Cc1cccc(C(=O)N2CC=CCC23CCC3)c1)N1CCCCC1,5.7273,1,0.0,False,False,441.59700000000026,35.2489
x7321a,CC[C@H]1CS[C@H](C(N)=O)CN1C(=O)Oc1cc(Br)ccc1SC,ZDDBWEVXBHOSBV-GWCFXTLKSA-N,O=C(Oc1ccccc1)N1CCSCC1,4.1702,1,0.0,False,False,419.366,41.2326
x7323a,CSc1ccc(-c2cn[nH]c2)cc1OC(=O)N1C[C@@H](C(N)=O)C[C@@H]2C[C@@H]21,IDMMUQAZAFAXPP-DYEKYZERSA-N,O=C(Oc1cccc(-c2cn[nH]c2)c1)N1CCCC2CC21,6.7751,1,0.0,False,False,372.45000000000016,44.9055
x7333a,CSc1ncnc(N(C)CC(C)(F)F)c1CC(=O)N1CCC[C@H](C(N)=O)C1,UOAJNFFQJCGEIL-NSHDSACASA-N,O=C(Cc1cncnc1)N1CCCCC1,6.9943,1,0.0,False,False,401.48300000000023,43.3153
x7334a_x7334b_x7389a,CSc1ncnc(N2CC(O)C2)c1CC(=O)N1CCC[C@H](C(N)=O)C1,INZKHMCXGGFKFL-JTQLQIEISA-N,O=C(Cc1cncnc1N1CCC1)N1CCCCC1,6.4262,3,0.0,False,False,365.45900000000023,36.2655
x7338a,CSc1ncnc(N(C)CCC(F)(F)F)c1CC(=O)N1CCC[C@H](C(N)=O)C1,IINLOFWOJOQXPQ-NSHDSACASA-N,O=C(Cc1cncnc1)N1CCCCC1,5.7488,1,0.0,False,False,419.4730000000003,36.8005
x7339a,CSc1ncnc(N2CC[C@H]2C)c1CC(=O)N1CCC[C@H](C(N)=O)C1,ZWBDQCJEVMHODS-NEPJUHHUSA-N,O=C(Cc1cncnc1N1CCC1)N1CCCCC1,6.6955,1,0.0,False,False,363.4870000000002,39.3593
x7350a_x7350b,CSc1ccc(-c2ccccn2)cc1OC(=O)N1C[C@H](C(N)=O)C[C@H]2C[C@H]21,UPOVRMBMKURHLN-SQWLQELKSA-N,O=C(Oc1cccc(-c2ccccn2)c1)N1CCCC2CC21,6.7702,2,0.0,False,False,383.4730000000002,44.313
x7353a_x7353b,COC[C@@H]1CCN1c1ncnc(SC)c1CC(=O)N1CCC[C@H](C(N)=O)C1,KDRANOXHXKCXDN-STQMWFEESA-N,O=C(Cc1cncnc1N1CCC1)N1CCCCC1,5.358,2,0.0,False,False,393.51300000000026,37.379999999999995
x7359a,CSc1ccc(Br)cc1CC(=O)N1C[C@@H](C(N)=O)[C@@H]2C[C@@H]21,DPTFJDRJLGCZTO-TUAOUCFPSA-N,O=C(Cc1ccccc1)N1CCC2CC21,4.5901,1,0.0,False,False,369.2840000000001,43.4133
x7368a,CSc1ccc(C2=CC[N@@H+](C)CC2)cc1OC(=O)N1C[C@@H](C(N)=O)C[C@@H]2C[C@@H]21,HPOGHVFAPROJMP-IKGGRYGDSA-O,O=C(Oc1cccc(C2=CC[NH2+]CC2)c1)N1CCCC2CC21,6.6168,1,0.0,False,False,402.5400000000002,39.7183
x7369a_x7369b,CSc1ccc(C2=CC[N@@H+](C)CC2)cc1CC(=O)N1C[C@@H](C(N)=O)C[C@@H]2C[C@@H]21,DDYCYBYOHFZQJV-NEWSRXKRSA-O,O=C(Cc1cccc(C2=CC[NH2+]CC2)c1)N1CCCC2CC21,6.218,2,0.0,False,False,400.56800000000015,39.45355
x7379a,CSc1ccc(-c2cn[nH]c2)cc1OC(=O)N1C[C@@H](C(N)=O)C[C@H]2C[C@H]21,IDMMUQAZAFAXPP-SGMGOOAPSA-N,O=C(Oc1cccc(-c2cn[nH]c2)c1)N1CCCC2CC21,5.6262,1,0.0,False,False,372.45000000000016,45.8877
x7410a,CSc1ccc(-c2cnn[nH]2)cc1OC(=O)N1C[C@@H](C(N)=O)C[C@@H]2C[C@@H]21,WRGTVVMWVLKYGD-MDZLAQPJSA-N,O=C(Oc1cccc(-c2cnn[nH]2)c1)N1CCCC2CC21,6.8211,1,0.0,False,False,373.43800000000016,43.4574
x7420a,CSc1ncnc(N2CCCC[C@@H]2C(C)C)c1CC(=O)N1CCC[C@H](C(N)=O)C1,SYKAKVAZYCBQHI-DOTOQJQBSA-N,O=C(Cc1cncnc1N1CCCCC1)N1CCCCC1,6.3722,1,0.0,False,False,419.5950000000003,35.8576
x7424a,CSc1ncnc(N(C)C2CCOCC2)c1CC(=O)N1CCC[C@H](C(N)=O)C1,QVOWHGAWIBIMJA-ZDUSSCGKSA-N,O=C(Cc1cncnc1NC1CCOCC1)N1CCCCC1,5.7864,1,0.0,False,False,407.54000000000025,35.543
x7427a,CSc1ncnc(N2CC[C@H](C(=O)N(C)C)C2)c1CC(=O)N1CCC[C@H](C(N)=O)C1,ASACDBFPEJSJCC-KBPBESRZSA-N,O=C(Cc1cncnc1N1CCCC1)N1CCCCC1,5.9744,1,0.0,False,False,434.5660000000003,35.2517
x7430a,CSc1ncnc(N2CCCC[C@H]2CO)c1CC(=O)N1CCC[C@H](C(N)=O)C1,QOXJCWICEBOVKF-KBPBESRZSA-N,O=C(Cc1cncnc1N1CCCCC1)N1CCCCC1,5.8673,1,0.0,False,False,407.54000000000025,36.6703
x7432a,CCN(c1ncnc(SC)c1CC(=O)N1CCC[C@H](C(N)=O)C1)C(C)C,FRKWTQURVGRPJM-ZDUSSCGKSA-N,O=C(Cc1cncnc1)N1CCCCC1,5.9414,1,0.0,False,False,379.53000000000014,39.9352
x7433a,CSc1ncnc(N2CCC[C@H]2Cc2ccccc2)c1CC(=O)N1CCC[C@H](C(N)=O)C1,MWQIMTRZTYVGCI-OALUTQOASA-N,O=C(Cc1cncnc1N1CCCC1Cc1ccccc1)N1CCCCC1,5.1382,1,0.0,False,False,453.61200000000036,33.1009
x7436a_x7436b,CSc1ncnc(N(C)[C@@H](C)c2ccccc2)c1CC(=O)N1CCC[C@H](C(N)=O)C1,VGSOEDLXVGHGOC-RDJZCZTQSA-N,O=C(Cc1cncnc1NCc1ccccc1)N1CCCCC1,6.5807,2,0.0,False,False,427.5740000000004,37.26765
x7442a,CSc1ccc(-c2ccccn2)cc1OC(=O)N1CCC[C@H](C(N)=O)C1,OPNICIFVHOADLO-AWEZNQCLSA-N,O=C(Oc1cccc(-c2ccccn2)c1)N1CCCCC1,6.3634,1,0.0,False,False,371.4620000000002,42.1328
x7445a,CSc1ccc(-c2ccncc2)cc1CC(=O)N1C[C@H](C(N)=O)C[C@H]2C[C@H]21,DRIDVNQRYDKRQG-CGTJXYLNSA-N,O=C(Cc1cccc(-c2ccncc2)c1)N1CCCC2CC21,4.9174,1,0.0,False,False,381.5010000000002,43.6988
x7446a,CCS(=O)(=O)N1CCN(c2ncnc(SC)c2CC(=O)N2CCC[C@H](C(N)=O)C2)[C@H](C)C1,UNENZWROCIVLHX-CABCVRRESA-N,O=C(Cc1cncnc1N1CCNCC1)N1CCCCC1,5.8875,1,0.0,False,False,484.6480000000005,32.6669
x7448a,CSc1cccc2c1[C@@H](C(=O)N1C[C@@H](C(N)=O)C[C@@H]3C[C@@H]31)CC2,BMYUMHHHFDRVAR-RFGFWPKPSA-N,O=C(C1CCc2ccccc21)N1CCCC2CC21,6.317,1,0.0,False,False,330.45300000000015,44.9984
x7459a,CSc1ccc2ncccc2c1OC(=O)N1C[C@H](C(N)=O)C[C@@H]2C[C@@H]21,LGWIBJRAZFVPBW-GYSYKLTISA-N,O=C(Oc1cccc2ncccc12)N1CCCC2CC21,6.2232,1,0.0,False,False,357.4350000000001,42.3247
x7461a,CSc1ccc2ncccc2c1OC(=O)N1C[C@@H](C(N)=O)C[C@H]2C[C@H]21,LGWIBJRAZFVPBW-COPLHBTASA-N,O=C(Oc1cccc2ncccc12)N1CCCC2CC21,6.2232,1,0.0,False,False,357.4350000000001,40.9699
x7465a_x7465b,CSc1ccc2ncccc2c1OC(=O)N1C[C@H](C(N)=O)C[C@H]2C[C@H]21,LGWIBJRAZFVPBW-MISXGVKJSA-N,O=C(Oc1cccc2ncccc12)N1CCCC2CC21,6.5542,2,0.0,False,False,357.4350000000001,41.9199
x7475a_x7475b,CSc1ncnc(N2CCC[C@H]2C2CC2)c1CC(=O)N1CCC[C@H](C(N)=O)C1,KCTRYOMRVVFMNA-HOCLYGCPSA-N,O=C(Cc1cncnc1N1CCCC1C1CC1)N1CCCCC1,5.262,2,0.0,False,False,403.55200000000025,34.931650000000005
x7491a_x7491b,CSc1ncnc(N2CCC[C@H]2C(C)C)c1CC(=O)N1CCC[C@H](C(N)=O)C1,CTBIOEQGIJZTNK-HOCLYGCPSA-N,O=C(Cc1cncnc1N1CCCC1)N1CCCCC1,5.3314,2,0.0,False,False,405.56800000000027,41.945499999999996
x7501a_x7501b,CSc1ncnc(N2CCC[C@H]2C)c1CC(=O)N1CCC[C@H](C(N)=O)C1,VPOUKPBTMKDKIL-OLZOCXBDSA-N,O=C(Cc1cncnc1N1CCCC1)N1CCCCC1,5.2445,2,0.0,False,False,377.5140000000002,35.5035
x7510a_x7510b,CC[C@@H]1CCCN1c1ncnc(SC)c1CC(=O)N1CCC[C@H](C(N)=O)C1,VJGMWMFSSRTXRY-UONOGXRCSA-N,O=C(Cc1cncnc1N1CCCC1)N1CCCCC1,5.3595,2,0.0,False,False,391.5410000000003,35.185199999999995
x7515a,CSc1ccc2ncccc2c1OC(=O)N1C[C@@H](C(N)=O)C[C@@H]2C[C@@H]21,LGWIBJRAZFVPBW-SUNKGSAMSA-N,O=C(Oc1cccc2ncccc12)N1CCCC2CC21,6.5542,1,0.0,False,False,357.4350000000001,41.9464
x7533a_x7533b,CSc1ncnc(N2CCC[C@@H]2C)c1CC(=O)N1CCC[C@H](C(N)=O)C1,VPOUKPBTMKDKIL-STQMWFEESA-N,O=C(Cc1cncnc1N1CCCC1)N1CCCCC1,6.6166,2,0.0,False,False,377.5140000000002,36.685
x7545a_x7545b,CSc1ncnc(N(C)C)c1CC(=O)N1CCC[C@H](C(N)=O)C1,QJRINYGSVPAGRV-JTQLQIEISA-N,O=C(Cc1cncnc1)N1CCCCC1,6.393,2,0.0,False,False,337.4490000000001,42.80385
x7558a,CSc1ccc(Br)cc1OC(=O)N1C[C@@H](C(N)=O)CC[C@H]1CO,JFHMFCPQRDSDRL-ONGXEEELSA-N,O=C(Oc1ccccc1)N1CCCCC1,5.995,1,0.0,False,False,403.29800000000023,38.882
x7560a_x7560b,CSc1ncnc(N2CCCCCC2)c1CC(=O)N1CCC[C@H](C(N)=O)C1,AFAKUIZROXBFBI-AWEZNQCLSA-N,O=C(Cc1cncnc1N1CCCCCC1)N1CCCCC1,7.1865,2,0.0,False,False,391.54100000000017,36.9167
x7570a,CSc1ncnc(N2CCC[C@@H]2c2ccccc2)c1CC(=O)N1CCC[C@H](C(N)=O)C1,SDYGKLDRFSRQLS-PKOBYXMFSA-N,O=C(Cc1cncnc1N1CCCC1c1ccccc1)N1CCCCC1,7.1317,1,0.0,False,False,439.5850000000004,45.1312
x7576a_x7576b,CSc1ccc(-c2cc[nH]n2)cc1CC(=O)N1C[C@@H](C(N)=O)C[C@@H]2C[C@@H]21,JWDNTMBCURORBV-INWMFGNUSA-N,O=C(Cc1cccc(-c2cc[nH]n2)c1)N1CCCC2CC21,6.3405,2,0.0,False,False,370.4780000000002,42.465050000000005
x7580a_x7580b,CSc1ncnc(N(C)C)c1CC(=O)N1C[C@@H](C(N)=O)C[C@H]2C[C@H]21,VAKNJOVWBAXBBQ-JBLDHEPKSA-N,O=C(Cc1cncnc1)N1CCCC2CC21,6.0736,2,0.0,False,False,349.46000000000015,45.318
x7589a,COC(=O)N[C@H]1CCN(c2ncnc(SC)c2CC(=O)N2CCC[C@H](C(N)=O)C2)C1,SFWDNEYGXNHQAC-STQMWFEESA-N,O=C(Cc1cncnc1N1CCCC1)N1CCCCC1,7.2725,1,0.0,False,False,436.53800000000035,33.1123
x7597a,CSc1ccc(-c2cc[nH]n2)cc1OC(=O)N1CCC[C@H](C(N)=O)C1,FNMVHJVSFSHWHP-LBPRGKRZSA-N,O=C(Oc1cccc(-c2cc[nH]n2)c1)N1CCCCC1,6.3434,1,0.0,False,False,360.43900000000025,41.6742
x7608a,CSc1ncnc(N(C)CC(F)(F)F)c1CC(=O)N1C[C@@H](C(N)=O)C[C@@H]2C[C@@H]21,RENNGFAUHMZWRX-SCVCMEIPSA-N,O=C(Cc1cncnc1)N1CCCC2CC21,6.7947,1,0.0,False,False,417.4570000000002,40.9886
x7613a,CC[C@@H]1CS[C@H](C(N)=O)CN1C(=O)Oc1cc(Br)ccc1SC,ZDDBWEVXBHOSBV-MFKMUULPSA-N,O=C(Oc1ccccc1)N1CCSCC1,7.1127,1,0.0,False,False,419.366,41.4597
x7622a,CSc1ncnc(N2CCCC2)c1NC(=O)N1C[C@@H](C(N)=O)C[C@@H]2C[C@@H]21,KWFWXVLXGXCSNC-WOPDTQHZSA-N,O=C(Nc1cncnc1N1CCCC1)N1CCCC2CC21,5.9283,1,0.0,False,False,376.48600000000016,41.6635
x7631a,CSc1ccccc1CC(=O)N1C[C@@H](C(N)=O)C[C@@H]2C[C@@H]21,POUPHNLBVXGGPW-AGIUHOORSA-N,O=C(Cc1ccccc1)N1CCCC2CC21,5.6765,1,0.0,False,False,304.415,45.2208
