Complex,compound_group,SMILES,pKD,covalent,fragment_screen,pb_valid_prepared,pb_valid_ref,suspected_artefact,sucos_shape,pocket_qcov,sucos_shape_pocket_qcov
A71EV2A-x1346a,x1346a,Cc1nn(C)c(C)c1CC(=O)N[C@@H](CNC(=O)CCl)c1ccc2ccccc2c1,4.6608,False,False,True,True,False,37.7709,87.5,33.0496
A71EV2A-x1445a,x1445a_x1445b,COc1cc(NC(=O)C[C@@H](C)C(F)(F)F)n(C)n1,4.632,False,False,True,True,False,39.8145,82.3529,32.7884
A71EV2A-x1445b,x1445a_x1445b,COc1cc(NC(=O)C[C@@H](C)C(F)(F)F)n(C)n1,4.632,False,False,True,True,False,49.8051,66.6667,33.2034
A71EV2A-x1776a,x1776a,CC(=O)Nc1ccc(C(=O)[C@H](C)S)cc1,4.1807,True,False,False,False,False,42.9338,86.3636,37.0792
A71EV2A-x1778a,x1778a,CC(=O)N1CCc2cc(C(=O)[C@H](C)S)ccc21,5.1514,True,False,False,False,False,50.6291,87.5,44.3004
A71EV2A-x2290a,x2290a,CNC(=O)c1nn(C)c2ccccc12,5.3762,False,False,True,False,False,50.7497,95.0,48.2122
A71EV2A-x2293a,x2293a,Cn1nc(C(=O)NC[C@@H]2Cc3ccccc3CN2)c2ccccc21,5.0414,False,False,True,False,False,38.5734,86.9565,33.5421
A71EV2A-x2304a,x2304a,Cn1nc(C(=O)Nc2cn[nH]c2)c2ccccc21,4.7784,False,False,True,False,False,47.1518,95.4545,45.0086
A71EV2A-x2339a,x2339a,Cn1nc(C(=O)NC2CC2)c2cc(F)ccc21,4.8874,False,False,True,False,False,46.4926,96.0,44.6329
A71EV2A-x2351a,x2351a,Cn1nc(C(N)=O)c2cc(F)ccc21,5.0507,False,False,True,False,False,45.6079,92.0,41.9593
A71EV2A-x2448a,x0428a_x2448a_x2448b,CN(C)S(=O)(=O)c1cccnc1,5.1075,False,True,True,False,False,60.7374,12.5,7.5922
A71EV2A-x2448b,x0428a_x2448a_x2448b,CN(C)S(=O)(=O)c1cccnc1,5.1075,False,True,True,False,False,60.7374,12.5,7.5922
A71EV2A-x2454a,x0884a_x2454a,CC(=O)Nc1cccc(NC(N)=O)c1,4.9431,False,True,True,False,False,43.5116,95.4545,41.5338
A71EV2A-x2458a,x0332a_x2458a,CNS(=O)(=O)c1ccccc1Cl,6.0349,False,True,True,False,False,55.6261,12.5,6.9533
A71EV2A-x2513a,x2513a,COc1ccc(Cl)c2c1C(=O)C(=O)N2,4.6289,False,False,True,False,False,54.5706,88.8889,48.5072
A71EV2A-x2629a,x2629a,COc1ccccc1NC(=O)Nc1cccnc1,4.7409,False,False,True,False,False,52.4359,75.0,39.3269
A71EV2A-x3054a,x3054a,Cc1cccc(NC(=O)N2CCC[C@H](C(N)=O)C2)c1,4.2464,False,False,True,True,False,48.3243,95.8333,46.3108
A71EV2A-x3066a,x0451a_x3066a,CNC(=O)c1cn(C)c2ccccc12,4.8228,False,True,True,False,False,42.1924,95.2381,40.1832
A71EV2A-x3175a,x3175a,Cc1cc(CNC(=O)c2cn(C)c3ccccc23)on1,4.9536,False,False,True,True,False,54.5242,70.0,38.1669
A71EV2A-x3176a,x3176a,COC[C@H](C)NC(=O)c1nn(C)c2ccccc12,4.7471,False,False,True,True,False,46.8025,92.3077,43.2023
A71EV2A-x3177a,x3177a,Cn1nc(C(=O)N[C@H]2C[C@H]2CO)c2ccccc21,4.8959,False,False,True,True,False,47.4533,92.0,43.6571
A71EV2A-x3178a,x3178a,Cn1nc(C(=O)N[C@H]2CCOC2)c2ccccc21,5.0623,False,False,True,True,False,44.4982,92.5926,41.202
A71EV2A-x3181a,x3181a_x3181b,Cn1nc(C(=O)NCCn2cncn2)c2ccccc21,4.9396,False,False,True,True,False,40.7181,88.8889,36.1939
A71EV2A-x3181b,x3181a_x3181b,Cn1nc(C(=O)NCCn2cncn2)c2ccccc21,4.9396,False,False,True,True,False,47.9308,54.5455,26.1441
A71EV2A-x3186a,x3186a,COc1ccccc1CC(=O)N1CCC[C@H](C(N)=O)C1,4.1284,False,False,True,False,False,40.7401,91.3043,37.1975
A71EV2A-x3191a,x3191a,NC(=O)[C@H]1CCCN(C(=O)Cc2cccc3occc23)C1,3.9603,False,False,True,True,False,46.5581,95.8333,44.6181
A71EV2A-x3193a,x3193a,NC(=O)[C@H]1CCCN(C(=O)Cc2ccnc(Cl)c2Br)C1,4.1622,False,False,True,True,False,42.4038,95.6522,40.5601
A71EV2A-x3201a,x3201a_x3920a_x4347a,COc1ncccc1CC(=O)N1CCC[C@H](C(N)=O)C1,4.3242,False,False,True,True,False,39.9523,95.8333,38.2877
A71EV2A-x3208a,x3208a,NC(=O)[C@H]1CCCN(C(=O)Cc2cc(C(F)(F)F)ccc2Cl)C1,4.9069,False,False,True,True,False,41.6185,91.6667,38.1503
A71EV2A-x3210a,x3210a,NC(=O)[C@H]1CCCN(C(=O)Cc2cccc3cn[nH]c23)C1,5.0112,False,False,True,True,False,44.3629,95.8333,42.5145
A71EV2A-x3218a,x3218a,NC(=O)[C@H]1CCCN(C(=O)[C@@H]2CCNc3[nH]ncc32)C1,5.5562,False,False,True,True,False,41.3876,95.2381,39.4167
A71EV2A-x3221a,x3221a,Cc1nc(C)c(CC(=O)N2CCC[C@H](C(N)=O)C2)[nH]1,5.4095,False,False,True,True,False,45.1867,84.0,37.9568
A71EV2A-x3223a,x3223a,NC(=O)[C@H]1CCCN(C(=O)c2ccnc3[nH]ncc23)C1,4.7878,False,False,True,False,False,38.9446,85.7143,33.3811
A71EV2A-x3225a,x3225a,Cc1nc2ccccc2n1CC(=O)N1CCC[C@H](C(N)=O)C1,4.1378,False,False,True,True,False,38.8234,91.6667,35.5882
A71EV2A-x3229a,x3229a_x3548a,COc1ccncc1CC(=O)N1CCC[C@H](C(N)=O)C1,4.4437,False,False,True,True,False,43.4943,92.0,40.0148
A71EV2A-x3234a,x3234a,Cc1cc(C)c(Nc2ccn(C3COC3)n2)c(C)c1,5.0168,False,False,True,False,False,49.2347,95.0,46.773
A71EV2A-x3264a,x3264a,Cn1nc(C(=O)NCCc2cocn2)c2cccnc21,4.9817,False,False,True,True,False,47.3052,92.3077,43.6664
A71EV2A-x3279a,x3279a,Cc1cc(C)c(Nc2ccn(C)n2)c(C)c1,5.3072,False,False,True,True,False,45.664,90.9091,41.5128
A71EV2A-x3280a,x3280a,Cn1nc(C(=O)NCC(F)(F)c2ccccn2)c2ccccc21,5.1681,False,False,True,False,False,38.0721,89.2857,33.993
A71EV2A-x3286a,x3286a,Cc1ocnc1CCNC(=O)c1nn(C)c2ccccc12,5.098,False,False,True,True,False,44.5281,92.3077,41.1029
A71EV2A-x3305a,x3305a,Cc1ccc2c(cnn2C)c1Nc1ccn([C@H]2CCNC2=O)n1,4.937,False,False,True,True,False,45.3708,95.2381,43.2103
A71EV2A-x3306a,x3306a,Cn1nc(C(=O)NCCc2cscn2)c2ccccc21,5.338,False,False,True,True,False,45.2523,92.3077,41.7713
A71EV2A-x3324a,x3324a,Cn1nc(C(=O)NCCc2ccc(S(C)(=O)=O)cc2)c2ccccc21,4.8489,False,False,True,True,False,32.8193,82.7586,27.1608
A71EV2A-x3579a,x3579a_x4029a,COc1ccccc1CN1C[C@@H](C(N)=O)CCC1=O,4.9569,False,False,True,True,False,48.5299,95.6522,46.4199
A71EV2A-x3371a,x3371a,Cn1cnc(CCNC(=O)c2nn(C)c3ccccc23)c1,5.2372,False,False,True,True,False,43.9403,92.0,40.4251
A71EV2A-x3379a,x3379a_x3593a,C[C@@H](Cc1cocn1)NC(=O)c1nn(C)c2ccccc12,4.9658,False,False,True,True,False,42.9071,88.8889,38.1396
A71EV2A-x3392a,x3392a,O=C(NCCc1cocn1)N1CCc2ccccc21,5.163,False,False,True,True,False,51.3607,88.4615,45.4345
A71EV2A-x3403a,x3403a,Cn1cc2cccc(NC(=O)Cc3cocn3)c2n1,4.6624,False,False,True,True,False,41.9729,92.0,38.6151
A71EV2A-x3408a,x3408a,C=CS(=O)(=O)N1CCC[C@H](C(N)=O)C1,5.1938,False,False,True,True,False,47.8987,88.2353,42.2636
A71EV2A-x3410a,x3410a,Cc1nn(C)c2cc(C(=O)NCCc3cocn3)ccc12,4.9452,False,False,True,True,False,48.0451,89.2857,42.8974
A71EV2A-x3417a,x3417a,NC(=O)[C@H]1CCCN(C(=O)NCC2CC2)C1,5.0649,False,False,True,True,False,53.3515,95.2381,50.811
A71EV2A-x3419a,x3419a,Cn1nc(C(=O)NCCc2cocn2)c2ccccc2c1=O,5.1704,False,False,True,True,False,47.0484,92.8571,43.6878
A71EV2A-x3435a,x3435a,O=C(NCCc1cocn1)c1ccccc1,5.0932,False,False,True,True,False,46.4195,92.0,42.7059
A71EV2A-x3436a,x3436a,Cn1ncc(C(=O)NCCc2cocn2)n1,5.5457,False,False,True,True,False,46.2812,92.3077,42.7211
A71EV2A-x3450a,x3450a,N#Cc1sccc1CC(=O)N1CCC[C@H](C(N)=O)C1,5.0084,False,False,True,True,False,45.0841,92.3077,41.6161
A71EV2A-x3480a,x3480a,N#CCc1cccc(NC(=O)N2CCC[C@H](C(N)=O)C2)c1,5.357,False,False,True,True,False,43.2253,85.7143,37.0503
A71EV2A-x3483a,x3483a,COCc1ccccc1NC(=O)N1CCC[C@H](C(N)=O)C1,4.8165,False,False,True,True,False,47.6275,91.6667,43.6585
A71EV2A-x3485a,x3485a,COc1cccc(NC(=O)N2CCC[C@H](C(N)=O)C2)c1,4.9561,False,False,True,True,False,44.1219,95.8333,42.2835
A71EV2A-x3488a,x3488a,COCC(=O)Nc1c(Cl)cc(C)cc1Oc1cccc(C(N)=O)c1,4.8227,False,False,True,True,False,37.0373,89.2857,33.069
A71EV2A-x3489a,x3489a,Cc1nc2n(c1CC(=O)N1CCC[C@H](C(N)=O)C1)CCCC2,5.2216,False,False,True,True,False,39.5632,88.0,34.8157
A71EV2A-x3509a,x3509a_x3509b,N#Cc1cccc(NC(=O)N2CCC[C@H](C(N)=O)C2)c1,5.1891,False,False,True,True,False,50.2404,92.3077,46.3758
A71EV2A-x3509b,x3509a_x3509b,N#Cc1cccc(NC(=O)N2CCC[C@H](C(N)=O)C2)c1,5.1891,False,False,True,True,False,49.1294,92.0,45.1991
A71EV2A-x3510a,x3510a,Cc1ccccc1NC(=O)N1CCC[C@H](C(N)=O)C1,4.3862,False,False,True,True,False,48.6516,91.3043,44.4211
A71EV2A-x3593a,x3379a_x3593a,C[C@@H](Cc1cocn1)NC(=O)c1nn(C)c2ccccc12,4.9658,False,False,True,True,False,43.0306,88.8889,38.2494
A71EV2A-x3606a,x3606a,Cn1ncc(-c2cc(Cl)cc(Cl)c2)c1CC(=O)N1CCC[C@H](C(N)=O)C1,4.9584,False,False,True,True,False,36.5566,92.0,33.6321
A71EV2A-x3612a,x3612a,NC(=O)[C@H]1CCCN(C(=O)Nc2ccccc2F)C1,4.8513,False,False,True,True,False,44.691,95.4545,42.6596
A71EV2A-x3616a,x3616a_x3616b,Cc1ccccc1CNC(=O)N1CCC[C@H](C(N)=O)C1,4.9788,False,False,True,True,False,42.8282,91.6667,39.2592
A71EV2A-x3616b,x3616a_x3616b,Cc1ccccc1CNC(=O)N1CCC[C@H](C(N)=O)C1,4.9788,False,False,True,True,False,43.5677,95.6522,41.6734
A71EV2A-x3621a,x3621a,COc1ccccc1CC(=O)N1CC[C@@H](O)C1,4.9514,False,False,True,True,False,42.3363,92.3077,39.0796
A71EV2A-x3623a,x3623a,Cc1cnc(CNS(=O)(=O)C[C@@H](C)c2ccccc2)o1,4.8184,False,False,True,True,False,48.31,79.1667,38.2454
A71EV2A-x3634a,x3634a,COc1ccccc1CC(=O)N1C[C@H](C(N)=O)[C@@H](C)C1,5.3039,False,False,True,True,False,39.2956,87.5,34.3837
A71EV2A-x3663a,x3663a,COc1ccccc1CC(=O)N1CCO[C@@H](C(N)=O)C1,4.6157,False,False,True,True,False,41.0922,88.0,36.1612
A71EV2A-x3665a,x3665a,COc1ccccc1CC(=O)N1C[C@@H](C(N)=O)CC(F)(F)C1,5.411,False,False,True,True,False,39.6751,92.3077,36.6232
A71EV2A-x3685a,x3685a,COc1ccccc1CC(=O)N1CC[C@@H](NC(N)=O)C1,5.056,False,False,True,True,False,54.3268,72.0,39.1153
A71EV2A-x3694a,x3694a_x3694b_x4032a_x4032b,COc1ccccc1CC(=O)N1CC[C@@H](CC(N)=O)C1,5.0552,False,False,True,True,False,41.0957,88.4615,36.3539
A71EV2A-x3694b,x3694a_x3694b_x4032a_x4032b,COc1ccccc1CC(=O)N1CC[C@@H](CC(N)=O)C1,5.0552,False,False,True,True,False,40.1392,96.0,38.5337
A71EV2A-x3706a,x3706a_x3706b,Cc1cccc(CNC(=O)N2CCC[C@H](C(N)=O)C2)c1,4.9676,False,False,True,True,False,52.6698,91.3043,48.0898
A71EV2A-x3706b,x3706a_x3706b,Cc1cccc(CNC(=O)N2CCC[C@H](C(N)=O)C2)c1,4.9676,False,False,True,True,False,52.0636,95.4545,49.697
A71EV2A-x3521a,x3521a,N#C[C@H]1C[C@@H](NC(=O)C2(c3ccc(Cl)cc3Cl)CCOCC2)C1,4.7265,False,False,True,True,False,47.7995,90.0,43.0196
A71EV2A-x3521b,x3521b,N#C[C@H]1C[C@H](NC(=O)C2(c3ccc(Cl)cc3Cl)CCOCC2)C1,4.7265,False,False,True,True,True,38.9491,64.2857,25.0387
A71EV2A-x3522a,x3522a_x3522b,COCC(=O)Nc1c(Cl)cc(C)cc1OCc1ncccn1,4.8584,False,False,True,True,False,35.3865,89.4737,31.6616
A71EV2A-x3522b,x3522a_x3522b,COCC(=O)Nc1c(Cl)cc(C)cc1OCc1ncccn1,4.8584,False,False,True,True,False,35.7385,89.4737,31.9765
A71EV2A-x3546a,x3546a,COc1ccc(F)cc1CC(=O)N1CCC[C@H](C(N)=O)C1,4.2094,False,False,True,True,False,36.8717,92.3077,34.0354
A71EV2A-x3548a,x3229a_x3548a,COc1ccncc1CC(=O)N1CCC[C@H](C(N)=O)C1,4.7517,False,False,True,True,False,42.8876,96.0,41.1721
A71EV2A-x3550b,x3550a_x3550b,COc1ccccc1CC(=O)N1C[C@@H](C(N)=O)CC[C@@H]1C,4.4113,False,False,True,True,True,48.2045,14.2857,6.8864
A71EV2A-x3550a,x3550a_x3550b,COc1ccccc1CC(=O)N1C[C@@H](C(N)=O)CC[C@@H]1C,4.4113,False,False,True,True,False,41.9845,92.3077,38.755
A71EV2A-x3556a,x3556a,Cn1cc2c(CC(=O)N3CC[C@H](C(N)=O)C3)cccc2n1,4.4101,False,False,True,True,False,44.7373,96.1538,43.0167
A71EV2A-x3557a,x3557a_x3557b,COc1ccc(CC(=O)N2CCC[C@H](C(N)=O)C2)c(OC)c1,4.6352,False,False,True,True,False,40.9983,88.4615,36.2678
A71EV2A-x3557b,x3557a_x3557b,COc1ccc(CC(=O)N2CCC[C@H](C(N)=O)C2)c(OC)c1,4.6352,False,False,True,True,False,40.8063,92.0,37.5418
A71EV2A-x3564a,x3564a,Cc1ccccc1NC(=O)c1cncc(C(N)=O)c1,4.6326,False,False,True,True,False,52.8709,78.9474,41.7402
A71EV2A-x3568a,x3568a,Cc1ccc2c(C(=O)NCCc3cocn3)c[nH]c2c1,5.1081,False,False,True,True,False,48.8204,88.0,42.962
A71EV2A-x3571a,x3571a_x3571b,COc1ccccc1CC(=O)N1CCCC[C@H](C(N)=O)C1,4.9522,False,False,True,True,False,43.0648,92.3077,39.7521
A71EV2A-x3571b,x3571a_x3571b,COc1ccccc1CC(=O)N1CCCC[C@H](C(N)=O)C1,4.9522,False,False,True,True,False,42.2315,96.1538,40.6072
A71EV2A-x3849a,x3849a_x3869a,COc1ncccc1CC(=O)N1CCC[C@@H](C(N)=O)C1,4.9397,False,False,True,True,False,41.7987,95.8333,40.057
A71EV2A-x3858a,x3858a_x3858b,COc1cccc(Cl)c1CC(=O)N1CCC[C@@H](C(N)=O)C1,4.6205,False,False,True,True,False,40.9906,91.6667,37.5747
A71EV2A-x3858b,x3858a_x3858b,COc1cccc(Cl)c1CC(=O)N1CCC[C@@H](C(N)=O)C1,4.6205,False,False,True,True,False,40.7133,95.8333,39.0169
A71EV2A-x3862a,x3862a,COc1ccccc1[C@@H](OC)C(=O)N1CCC[C@H](C(N)=O)C1,5.5237,False,False,True,True,False,41.1492,91.3043,37.571
A71EV2A-x3867a,x3867a,Cc1ccccc1NC(=O)c1ccc(C)c(C(N)=O)c1,4.8041,False,False,True,True,False,52.5066,77.2727,40.5733
A71EV2A-x3869a,x3849a_x3869a,COc1ncccc1CC(=O)N1CCC[C@@H](C(N)=O)C1,4.9397,False,False,True,True,False,42.1417,95.6522,40.3094
A71EV2A-x3883a,x3883a,COc1ccccc1[C@H](OC)C(=O)N1CCC[C@H](C(N)=O)C1,5.5237,False,False,True,True,False,44.1653,92.3077,40.768
A71EV2A-x3884a,x3884a_x3884b,COc1ccccc1[C@H](NC(=O)OC(C)(C)C)C(=O)N1CCC[C@H](C(N)=O)C1,4.9308,False,False,True,True,False,37.1894,91.6667,34.0903
A71EV2A-x3884b,x3884a_x3884b,COc1ccccc1[C@H](NC(=O)OC(C)(C)C)C(=O)N1CCC[C@H](C(N)=O)C1,4.9308,False,False,True,True,False,37.3067,92.0,34.3221
A71EV2A-x3890a,x3890a,COc1ccccc1[C@H](N)C(=O)N1CCC[C@H](C(N)=O)C1,5.35,False,False,True,True,False,45.0182,92.0,41.4168
A71EV2A-x3895a,x3895a,COc1ccccc1CN1C[C@@H](C(N)=O)CC1=O,4.6271,False,False,True,True,False,41.0173,95.4545,39.1529
A71EV2A-x3901a,x3901a,COc1ccccc1CC(=O)N1CCN[C@H](C(N)=O)C1,5.6227,False,False,True,True,False,44.8684,92.3077,41.417
A71EV2A-x3908a,x3908a,Cc1cccc(N(CC(=O)N2CCCCC2)C(=O)N2CCC[C@H](C(N)=O)C2)c1,4.6271,False,False,True,True,False,40.8935,95.8333,39.1896
A71EV2A-x3914a,x3188a_x3189a_x3914a,Cn1cc2c(CC(=O)N3CCC[C@H](C(N)=O)C3)cccc2n1,4.4056,False,False,True,True,False,43.2274,96.0,41.4983
A71EV2A-x3936a,x3936a,COC[C@]1(C(=O)N2CCC[C@H](C(N)=O)C2)CCCCO1,6.0,False,False,True,True,False,45.8461,95.4545,43.7622
A71EV2A-x3937a,x3937a,CO[C@@H](C(=O)N1CCC[C@H](C(N)=O)C1)c1cccnc1,4.227,False,False,True,True,False,47.3349,72.0,34.0811
A71EV2A-x3939a,x3939a,CO[C@@H](C(=O)N1CCC[C@H](C(N)=O)C1)c1ccccc1C,4.9281,False,False,True,True,False,39.6701,92.3077,36.6185
A71EV2A-x3940a,x3940a,COc1ccc(Cl)cc1CC(=O)N1CCC[C@H](C(N)=O)C1,4.7272,False,False,True,True,False,41.1474,91.3043,37.5693
A71EV2A-x3942a,x3942a_x4209a,COc1cccc(Cl)c1CC(=O)N1CCC[C@H](C(N)=O)C1,4.7856,False,False,True,True,False,42.5349,92.0,39.1321
A71EV2A-x3944a,x3944a,CCN(CC1CC1)C(=O)c1cccc(CC(=O)N2CCC[C@H](C(N)=O)C2)c1,4.9083,False,False,True,True,False,34.3683,90.0,30.9315
A71EV2A-x3954a,x3954a,COc1ccc2c(n1)[C@@H](C(=O)N1CCC[C@H](C(N)=O)C1)CC2,4.4524,False,False,True,True,False,43.0581,95.6522,41.186
A71EV2A-x3956a,x3956a,COc1ccccc1CCN1C[C@@H](C(N)=O)CC1=O,5.045,False,False,True,True,False,61.5267,76.9231,47.3282
A71EV2A-x3968a,x3968a,NC(=O)[C@H]1CCCN(C(=O)[C@H](OCC2CCCC2)c2ccccc2)C1,5.567,False,False,True,True,False,43.6461,95.4545,41.6621
A71EV2A-x3975a,x3975a,NC(=O)[C@H]1CCCN(C(=O)[C@@H](CN2CCCC2)c2ccccc2)C1,5.0246,False,False,True,True,False,47.3459,83.3333,39.4549
A71EV2A-x3977a,x3977a_x3977b,COc1ccccc1CC(=O)N(C)CCC(N)=O,4.9355,False,False,True,True,False,48.9285,92.3077,45.1648
A71EV2A-x3977b,x3977a_x3977b,COc1ccccc1CC(=O)N(C)CCC(N)=O,4.9355,False,False,True,True,True,41.2853,12.5,5.1607
A71EV2A-x3982a,x3982a,NC(=O)[C@H]1CCCN(C(=O)C(c2ccccc2)c2ccccc2)C1,5.1799,False,False,True,True,False,41.7185,95.4545,39.8222
A71EV2A-x3986a,x3986a_x3986b,NC(=O)[C@H]1CCCN(C(=O)[C@@H](Sc2ccccc2)c2ccccc2)C1,5.1355,False,False,True,True,False,40.2854,91.6667,36.9283
A71EV2A-x3986b,x3986a_x3986b,NC(=O)[C@H]1CCCN(C(=O)[C@@H](Sc2ccccc2)c2ccccc2)C1,5.1355,False,False,True,True,False,39.5421,91.6667,36.247
A71EV2A-x3989a,x3989a_x4838a,NC(=O)[C@H]1CCN(C(=O)Cc2cc(C(F)(F)F)ccc2Cl)C1,5.049,False,False,True,True,False,43.2342,90.9091,39.3038
A71EV2A-x3990a,x3990a,COc1ccccc1CC(=O)N1C[C@H](C(N)=O)[C@@H](C(F)(F)F)C1,5.1107,False,False,True,True,False,53.0251,69.2308,36.7097
A71EV2A-x3992a,x3992a_x3992b,COc1cccc(Cl)c1NC(=O)N1CC[C@H](C(N)=O)C1,4.6121,False,False,True,True,False,44.3859,92.3077,40.9716
A71EV2A-x3992b,x3992a_x3992b,COc1cccc(Cl)c1NC(=O)N1CC[C@H](C(N)=O)C1,4.6121,False,False,True,True,False,44.4098,95.8333,42.5594
A71EV2A-x3993a,x3993a_x3993b,COc1cccc(Cl)c1CC(=O)N1C[C@H](C(N)=O)C[C@H](C(=O)NC2CC2)C1,4.8993,False,False,True,True,False,45.4133,77.7778,35.3215
A71EV2A-x3993b,x3993a_x3993b,COc1cccc(Cl)c1CC(=O)N1C[C@H](C(N)=O)C[C@H](C(=O)NC2CC2)C1,4.8993,False,False,True,True,False,38.3189,96.1538,36.8451
A71EV2A-x4018a,x4018a_x4018b,COc1ccccc1CC(=O)N1CCC[C@H](C(N)=O)CC1,4.9522,False,False,True,True,False,50.8017,72.0,36.5772
A71EV2A-x4018b,x4018a_x4018b,COc1ccccc1CC(=O)N1CCC[C@H](C(N)=O)CC1,4.9522,False,False,True,True,False,45.0522,95.4545,43.0043
A71EV2A-x4020a,x4020a_x4020b,Cc1cccc(CC(=O)N2CCC[C@H](C(N)=O)C2)c1,4.2901,False,False,True,True,False,47.0171,95.8333,45.0581
A71EV2A-x4020b,x4020a_x4020b,Cc1cccc(CC(=O)N2CCC[C@H](C(N)=O)C2)c1,4.2901,False,False,True,True,False,46.5103,95.6522,44.4882
A71EV2A-x4028a,x4028a,COc1ccc(C(F)(F)F)cc1CC(=O)N1CCC[C@H](C(N)=O)C1,4.45,False,False,True,True,False,37.822,92.5926,35.0204
A71EV2A-x4029a,x3579a_x4029a,COc1ccccc1CN1C[C@@H](C(N)=O)CCC1=O,4.9569,False,False,True,True,False,49.4479,95.4545,47.2003
A71EV2A-x4031a,x4031a_x4031b,COc1ncccc1NC(=O)N1CCC[C@H](C(N)=O)C1,4.4873,False,False,True,True,False,46.5904,92.3077,43.0066
A71EV2A-x4031b,x4031a_x4031b,COc1ncccc1NC(=O)N1CCC[C@H](C(N)=O)C1,4.4873,False,False,True,True,False,46.074,95.8333,44.1542
A71EV2A-x4032a,x3694a_x3694b_x4032a_x4032b,COc1ccccc1CC(=O)N1CC[C@@H](CC(N)=O)C1,5.0552,False,False,True,True,False,41.381,92.3077,38.1979
A71EV2A-x4032b,x3694a_x3694b_x4032a_x4032b,COc1ccccc1CC(=O)N1CC[C@@H](CC(N)=O)C1,5.0552,False,False,True,True,False,39.9883,95.8333,38.3222
A71EV2A-x4035a,x4035a_x4035b,COc1cccc(Cl)c1NC(=O)N1CCC[C@H](C(N)=O)C1,4.4659,False,False,True,True,False,44.9977,91.6667,41.2479
A71EV2A-x4035b,x4035a_x4035b,COc1cccc(Cl)c1NC(=O)N1CCC[C@H](C(N)=O)C1,4.4659,False,False,True,True,False,44.953,95.6522,42.9985
A71EV2A-x4202a,x4202a_x4202b,NC(=O)[C@H]1CCCN(C(=O)[C@H]2CCc3cccc(Br)c32)C1,4.4794,False,False,True,True,False,46.253,91.3043,42.231
A71EV2A-x4202b,x4202a_x4202b,NC(=O)[C@H]1CCCN(C(=O)[C@H]2CCc3cccc(Br)c32)C1,4.4794,False,False,True,True,False,42.5093,95.6522,40.661
A71EV2A-x4290a,x4290a,CSc1c(Br)cccc1CC(=O)N1CCC[C@H](C(N)=O)C1,4.4725,False,False,True,True,False,44.0676,91.3043,40.2356
A71EV2A-x4291a,x4291a,Cc1cc(C)c(CC(=O)N2CCC[C@H](C(N)=O)C2)c(=O)[nH]1,4.3063,False,False,True,True,False,39.9795,91.6667,36.6478
A71EV2A-x4295a,x4295a,COc1ccccc1[C@@H](O)CN1C[C@@H](C(N)=O)CC1=O,5.2769,False,False,True,True,False,45.6917,92.0,42.0364
A71EV2A-x4298a,x4298a,COc1cccc(NC(=O)N2CCC[C@H](C(N)=O)C2)n1,5.0724,False,False,True,True,False,49.8836,92.0,45.8929
A71EV2A-x4305a,x4305a,CC(C)Oc1ccccc1NC(=O)N1CCC[C@H](C(N)=O)C1,4.8778,False,False,True,True,False,40.7948,92.3077,37.6568
A71EV2A-x4306a,x4306a,NC(=O)[C@H]1CCCN(C(=O)Nc2ccccc2OCC(F)(F)F)C1,5.1566,False,False,True,True,False,40.6661,92.3077,37.5379
A71EV2A-x4308a,x4308a,NC(=O)[C@H]1CCCN(C(=O)Nc2cc3c(cc2Cl)OCO3)C1,4.6271,False,False,True,True,False,45.873,81.8182,37.5324
A71EV2A-x4309a,x4309a_x4309b,CCS(=O)(=O)c1ccc(OC)c(NC(=O)N2CCC[C@H](C(N)=O)C2)c1,4.0937,False,False,True,True,False,45.5245,76.0,34.5986
A71EV2A-x4309b,x4309a_x4309b,CCS(=O)(=O)c1ccc(OC)c(NC(=O)N2CCC[C@H](C(N)=O)C2)c1,4.0937,False,False,True,True,False,45.3898,76.0,34.4962
A71EV2A-x4310a,x4310a_x4310b,COc1c(NC(=O)N2CCC[C@H](C(N)=O)C2)cccc1C(F)(F)F,5.0325,False,False,True,True,False,41.1468,90.4762,37.2281
A71EV2A-x4310b,x4310a_x4310b,COc1c(NC(=O)N2CCC[C@H](C(N)=O)C2)cccc1C(F)(F)F,5.0325,False,False,True,True,False,48.2756,80.0,38.6204
A71EV2A-x4311a,x4311a,CC(C)(C)c1ccccc1NC(=O)N1CCC[C@H](C(N)=O)C1,4.917,False,False,True,True,False,44.2343,95.6522,42.3111
A71EV2A-x4312a,x4312a,NC(=O)[C@H]1CC(=O)N(Cc2cccc3c2OCC3)C1,5.0762,False,False,True,True,False,44.634,95.6522,42.6934
A71EV2A-x4313a,x4313a,COc1ccccc1[C@H](C)CN1C[C@@H](C(N)=O)CC1=O,4.9174,False,False,True,True,False,37.9109,92.3077,34.9947
A71EV2A-x4316a,x4316a,COc1cccc2c1CC[C@H]2N1C[C@@H](C(N)=O)CCC1=O,4.7896,False,False,True,True,False,39.0342,90.9091,35.4856
A71EV2A-x4319a,x4319a,NC(=O)[C@H]1CCCN(C(=O)Cc2ccccc2OC(F)F)C1,4.2297,False,False,True,True,False,46.1642,92.3077,42.6131
A71EV2A-x4320a,x4320a,NC(=O)[C@H]1CCCN(C(=O)Cc2ccc3c(c2)CCC(=O)N3)C1,4.3497,False,False,True,True,False,40.5043,86.9565,35.2211
A71EV2A-x4321a,x4321a_x4321b,N#CCc1ccccc1CC(=O)N1CCC[C@H](C(N)=O)C1,5.1018,False,False,True,True,False,43.7871,91.6667,40.1381
A71EV2A-x4321b,x4321a_x4321b,N#CCc1ccccc1CC(=O)N1CCC[C@H](C(N)=O)C1,5.1018,False,False,True,True,False,41.9367,95.6522,40.1134
A71EV2A-x4322a,x4322a,CC(=O)Nc1ccccc1CC(=O)N1CCC[C@H](C(N)=O)C1,4.2652,False,False,True,True,False,40.113,88.8889,35.656
A71EV2A-x4334a,x4334a_x4334b,CSc1cccc(CC(=O)N2CCC[C@H](C(N)=O)C2)c1,4.165,False,False,True,True,False,43.1616,90.9091,39.2378
A71EV2A-x4334b,x4334a_x4334b,CSc1cccc(CC(=O)N2CCC[C@H](C(N)=O)C2)c1,4.165,False,False,True,True,False,42.7998,91.6667,39.2331
A71EV2A-x4336a,x4336a,NC(=O)[C@H]1CCCN(C(=O)Cc2cccc(Cl)c2Cl)C1,4.065,False,False,True,True,False,45.0124,95.6522,43.0553
A71EV2A-x4341a,x4341a,NC(=O)[C@H]1CCCN(C(=O)Cc2cccc3sccc23)C1,3.9388,False,False,True,True,False,42.9743,92.3077,39.6686
A71EV2A-x4344a,x4344a,NC(=O)[C@H]1CCCN(C(=O)Cc2cccc3c2CCC3)C1,3.9502,False,False,True,True,False,43.7212,92.0,40.2235
A71EV2A-x4347a,x3201a_x3920a_x4347a,COc1ncccc1CC(=O)N1CCC[C@H](C(N)=O)C1,4.2865,False,False,True,True,False,43.9873,95.8333,42.1545
A71EV2A-x4351a,x4351a,NC(=O)C[C@H]1CCCN(c2ncnc3ccccc23)C1,4.9593,False,False,True,True,False,46.729,91.6667,42.8349
A71EV2A-x4368a,x4368a,COCc1ccccc1CC(=O)N1CCC[C@H](C(N)=O)C1,4.5768,False,False,True,True,False,42.7327,91.6667,39.1716
A71EV2A-x4372a,x4372a,NC(=O)[C@H]1CCCN(C(=O)Cc2cccnc2O)C1,5.1538,False,False,True,True,False,41.7768,90.0,37.5991
A71EV2A-x4374a,x4374a_x4374b,NC(=O)[C@H]1CCCN(C(=O)Cc2ccccc2CO)C1,4.3458,False,False,True,True,False,44.0492,91.3043,40.2188
A71EV2A-x4374b,x4374a_x4374b,NC(=O)[C@H]1CCCN(C(=O)Cc2ccccc2CO)C1,4.3458,False,False,True,True,False,44.2272,95.4545,42.2169
A71EV2A-x4381a,x4381a,NC(=O)[C@H]1CCCN(C(=O)Cc2cc(C(F)(F)F)ccc2C(F)(F)F)C1,3.8068,False,False,True,True,False,41.3537,92.0,38.0454
A71EV2A-x4203a,x4203a,COc1cc(Cl)ccc1CC(=O)N1CCC[C@H](C(N)=O)C1,4.0186,False,False,True,True,False,40.8542,91.6667,37.4497
A71EV2A-x4207a,x4207a_x4207b,COc1ccccc1[C@@H](NC(C)=O)C(=O)N1CCC[C@H](C(N)=O)C1,5.2384,False,False,True,True,False,38.4143,92.3077,35.4593
A71EV2A-x4207b,x4207a_x4207b,COc1ccccc1[C@@H](NC(C)=O)C(=O)N1CCC[C@H](C(N)=O)C1,5.2384,False,False,True,True,False,39.2891,96.0,37.7175
A71EV2A-x4209a,x3942a_x4209a,COc1cccc(Cl)c1CC(=O)N1CCC[C@H](C(N)=O)C1,4.3783,False,False,True,True,False,53.742,76.0,40.8439
A71EV2A-x4214a,x4214a_x4214b,COc1ccccc1S(=O)(=O)N1CCC[C@H](C(N)=O)C1,5.1618,False,False,True,True,False,40.2906,91.6667,36.933
A71EV2A-x4214b,x4214a_x4214b,COc1ccccc1S(=O)(=O)N1CCC[C@H](C(N)=O)C1,5.1618,False,False,True,True,False,40.0688,95.6522,38.3266
A71EV2A-x4237a,x4237a_x4237b_x4237c_x4237d,NC(=O)[C@H]1CCCN(C(=O)[C@@H](Cc2ccc(F)cc2)c2ccccc2)C1,5.4786,False,False,True,True,False,41.2454,95.8333,39.5268
A71EV2A-x4237b,x4237a_x4237b_x4237c_x4237d,NC(=O)[C@H]1CCCN(C(=O)[C@@H](Cc2ccc(F)cc2)c2ccccc2)C1,5.4786,False,False,True,True,False,37.92,86.3636,32.7491
A71EV2A-x4237c,x4237a_x4237b_x4237c_x4237d,NC(=O)[C@H]1CCCN(C(=O)[C@@H](Cc2ccc(F)cc2)c2ccccc2)C1,5.4786,False,False,True,True,False,36.2896,95.6522,34.7118
A71EV2A-x4237d,x4237a_x4237b_x4237c_x4237d,NC(=O)[C@H]1CCCN(C(=O)[C@@H](Cc2ccc(F)cc2)c2ccccc2)C1,5.4786,False,False,True,True,False,36.0026,95.0,34.2025
A71EV2A-x4239a,x4239a,COc1cccc(Cl)c1CC(=O)N1C[C@H](C(N)=O)[C@H]2CCC[C@H]21,4.8196,False,False,True,True,False,45.7653,76.0,34.7816
A71EV2A-x4260a,x4260a,NC(=O)[C@H]1CCCN(C(=O)[C@H]2CCOc3ccc(Cl)cc32)C1,5.2855,False,False,True,True,False,49.115,95.8333,47.0685
A71EV2A-x4274a,x4274a_x4274b,COc1cccnc1CN1CCC[C@H](C(N)=O)C1,5.5767,False,False,True,True,False,48.1032,95.8333,46.0989
A71EV2A-x4274b,x4274a_x4274b,COc1cccnc1CN1CCC[C@H](C(N)=O)C1,5.5767,False,False,True,True,False,48.0619,95.6522,45.9722
A71EV2A-x4283a,x4283a_x4283b,COc1cccnc1CC(=O)N1CCC[C@H](C(N)=O)C1,4.6482,False,False,True,True,False,44.8865,92.0,41.2956
A71EV2A-x4283b,x4283a_x4283b,COc1cccnc1CC(=O)N1CCC[C@H](C(N)=O)C1,4.6482,False,False,True,True,False,44.6634,96.0,42.8769
A71EV2A-x4386a,x4386a,CSc1ccccc1CC(=O)N1CCC[C@H](C(N)=O)C1,5.3931,False,False,True,True,False,46.7211,92.0,42.9834
A71EV2A-x4388a,x4388a,COc1ncc(Br)cc1CC(=O)N1CCC[C@H](C(N)=O)C1,4.8321,False,False,True,True,False,40.1403,92.0,36.929
A71EV2A-x4402a,x4402a,Cc1cccc(N2CCCN(CCC(N)=O)C2=O)c1,4.9115,False,False,True,True,False,44.6848,96.0,42.8974
A71EV2A-x4403a,x4403a,NC(=O)[C@H]1CCCN(C(=O)Cc2ccccc2CS(N)(=O)=O)C1,4.1354,False,False,True,True,False,34.5728,90.0,31.1155
A71EV2A-x4406a,x4406a,COc1ccccc1[C@H](O)CN1C[C@@H](C(N)=O)CCC1=O,5.2121,False,False,True,True,False,43.393,88.4615,38.3862
A71EV2A-x4409a,x4409a,NC(=O)[C@H]1CCC(=O)N(C[C@H]2CCOc3ccccc32)C1,4.6204,False,False,True,True,False,53.1766,88.4615,47.0409
A71EV2A-x4416a,x4416a,NC(=O)[C@H]1CCCN(C(=O)[C@]2(Cc3ccc(F)cc3)CCCCO2)C1,4.6091,False,False,True,True,False,39.7819,96.1538,38.2518
A71EV2A-x4418a,x4418a,COc1ncccc1NC(=O)N1CC[C@H](C(N)=O)C1,4.618,False,False,True,True,False,44.1536,92.0,40.6213
A71EV2A-x4426a,x4426a,C#C[C@H](NCCc1cocn1)c1nn(C)c2ccccc12,4.7168,False,False,True,True,False,47.4132,92.5926,43.9011
A71EV2A-x4429a,x4429a,COc1ccc(C(F)(F)F)cc1NC(=O)N1CCC[C@H](C(N)=O)C1,4.0692,False,False,True,True,False,38.8515,91.6667,35.6139
A71EV2A-x4431a,x4431a,CSc1ccc(Br)cc1CC(=O)N1CCC[C@H](C(N)=O)C1,6.5048,False,False,True,True,False,43.9071,92.0,40.3946
A71EV2A-x4445a,x4445a_x4445b,COc1ccccc1[C@H](C)C(=O)N1CCC[C@H](C(N)=O)C1,5.4159,False,False,True,True,False,40.1462,90.0,36.1316
A71EV2A-x4445b,x4445a_x4445b,COc1ccccc1[C@H](C)C(=O)N1CCC[C@H](C(N)=O)C1,5.4159,False,False,True,True,False,39.5511,94.7368,37.4695
A71EV2A-x4447a,x4447a_x4447b,Cn1cnc2c(NC(=O)N3CCC[C@H](C(N)=O)C3)cccc21,5.3986,False,False,True,True,False,49.6763,78.2609,38.8771
A71EV2A-x4447b,x4447a_x4447b,Cn1cnc2c(NC(=O)N3CCC[C@H](C(N)=O)C3)cccc21,5.3986,False,False,True,True,False,49.0049,78.2609,38.3517
A71EV2A-x4449a,x4449a_x4449b,COc1ccccc1[C@H](NC(C)=O)C(=O)N1CCC[C@H](C(N)=O)C1,5.2384,False,False,True,True,False,41.0073,91.6667,37.59
A71EV2A-x4449b,x4449a_x4449b,COc1ccccc1[C@H](NC(C)=O)C(=O)N1CCC[C@H](C(N)=O)C1,5.2384,False,False,True,True,False,40.6673,95.4545,38.8188
A71EV2A-x4451a,x4451a_x4451b,NC(=O)[C@H]1CCCN(C(=O)[C@H](c2ccccc2)n2cccn2)C1,4.8697,False,False,True,True,False,42.1305,95.6522,40.2987
A71EV2A-x4451b,x4451a_x4451b,NC(=O)[C@H]1CCCN(C(=O)[C@H](c2ccccc2)n2cccn2)C1,4.8697,False,False,True,True,False,45.6286,90.4762,41.283
A71EV2A-x4456a,x4456a_x4456b,NC(=O)[C@H]1CCCN(C(=O)[C@@H]2CCc3cccc(O)c32)C1,5.1483,False,False,True,True,False,44.2383,91.3043,40.3915
A71EV2A-x4456b,x4456a_x4456b,NC(=O)[C@H]1CCCN(C(=O)[C@@H]2CCc3cccc(O)c32)C1,5.1483,False,False,True,True,False,44.5346,95.4545,42.5103
A71EV2A-x4461a,x4461a,NC(=O)[C@H]1CCCN(C(=O)Cc2ccncc2Cl)C1,5.1852,False,False,True,True,False,46.9972,95.2381,44.7592
A71EV2A-x4463a,x4463a,NC(=O)[C@H]1CCCN(C(=O)Cc2cccc3nsnc23)C1,4.4924,False,False,True,True,False,41.9725,95.8333,40.2237
A71EV2A-x4464a,x4464a,Cc1ncnc(C)c1CC(=O)N1CCC[C@H](C(N)=O)C1,3.6541,False,False,True,True,False,43.421,95.2381,41.3534
A71EV2A-x4472a,x4472a,NC(=O)[C@H]1CCCN(C(=O)[C@H]2CCc3snnc32)C1,4.6676,False,False,True,True,False,42.3231,90.4762,38.2924
A71EV2A-x4476a,x4476a,COc1ccccc1CC(=O)N1C[C@]2(C(N)=O)CC[C@H]1C2,4.6217,False,False,True,True,False,39.5418,88.4615,34.9793
A71EV2A-x4510a,x4510a_x4571a,C[C@H](C(=O)N1CCC[C@H](C(N)=O)C1)c1cn(C)nc1C(F)(F)F,4.4628,False,False,True,True,False,39.5849,92.3077,36.5399
A71EV2A-x4514a,x4514a_x4575a,NC(=O)[C@H]1CCCN(C(=O)C2(c3ccoc3)CCC2)C1,4.6189,False,False,True,True,False,40.1553,95.4545,38.3301
A71EV2A-x4519a,x4519a_x4519b_x4580a_x4580b,NC(=O)[C@H]1CCCN(C(=O)Cc2ncc3ccc(Br)cn23)C1,4.4242,False,False,True,True,False,47.985,92.0,44.1462
A71EV2A-x4519b,x4519a_x4519b_x4580a_x4580b,NC(=O)[C@H]1CCCN(C(=O)Cc2ncc3ccc(Br)cn23)C1,4.4242,False,False,True,True,False,38.419,95.8333,36.8182
A71EV2A-x4524a,x4524a_x4873a_x4873b,COc1cccc(NC(=O)N2CCC[C@H](C(N)=O)C2)c1Cl,4.6127,False,False,True,True,False,48.0704,81.8182,39.3303
A71EV2A-x4540a,x4540a,NC(=O)[C@H]1CCCN(C(=O)Cn2cc(Br)cc(Cl)c2=O)C1,3.7254,False,False,True,True,False,39.5456,92.3077,36.5037
A71EV2A-x4547a,x4547a,Cn1nc(CN2C[C@H](C(N)=O)CCC2=O)c2ccccc21,5.1169,False,False,True,True,False,57.4126,76.9231,44.1635
A71EV2A-x4554a,x4554a,COc1cccc(SC)c1NC(=O)N1CCC[C@H](C(N)=O)C1,5.1612,False,False,True,True,False,42.3639,90.9091,38.5127
A71EV2A-x4571a,x4510a_x4571a,C[C@H](C(=O)N1CCC[C@H](C(N)=O)C1)c1cn(C)nc1C(F)(F)F,4.4628,False,False,True,True,False,39.5704,91.6667,36.2729
A71EV2A-x4575a,x4514a_x4575a,NC(=O)[C@H]1CCCN(C(=O)C2(c3ccoc3)CCC2)C1,4.6189,False,False,True,True,False,39.5837,95.0,37.6045
A71EV2A-x4580a,x4519a_x4519b_x4580a_x4580b,NC(=O)[C@H]1CCCN(C(=O)Cc2ncc3ccc(Br)cn23)C1,4.4242,False,False,True,True,False,38.1521,92.0,35.1
A71EV2A-x4580b,x4519a_x4519b_x4580a_x4580b,NC(=O)[C@H]1CCCN(C(=O)Cc2ncc3ccc(Br)cn23)C1,4.4242,False,False,True,True,False,38.5037,95.6522,36.8296
A71EV2A-x4583a,x4583a_x4583b,CN1c2ccccc2C[C@@H]1C(=O)N1CCC[C@H](C(N)=O)C1,4.5989,False,False,True,True,False,49.6022,77.2727,38.329
A71EV2A-x4583b,x4583a_x4583b,CN1c2ccccc2C[C@@H]1C(=O)N1CCC[C@H](C(N)=O)C1,4.5989,False,False,True,True,False,49.9403,73.913,36.9124
A71EV2A-x4596a,x4596a_x4596b_x4596c,NC(=O)[C@H]1CCC(=O)N(Cc2ccc3cc[nH]c3c2)C1,4.6117,False,False,True,True,False,47.1044,91.6667,43.1791
A71EV2A-x4596c,x4596a_x4596b_x4596c,NC(=O)[C@H]1CCC(=O)N(Cc2ccc3cc[nH]c3c2)C1,4.6117,False,False,True,True,True,50.5372,20.0,10.1074
A71EV2A-x4596b,x4596a_x4596b_x4596c,NC(=O)[C@H]1CCC(=O)N(Cc2ccc3cc[nH]c3c2)C1,4.6117,False,False,True,True,False,46.9769,95.4545,44.8416
A71EV2A-x4606a,x4606a_x4606b,NC(=O)[C@H]1CCCN(C(=O)[C@@H]2SCc3cccnc32)C1,4.6038,False,False,True,True,False,45.5261,91.3043,41.5673
A71EV2A-x4606b,x4606a_x4606b,NC(=O)[C@H]1CCCN(C(=O)[C@@H]2SCc3cccnc32)C1,4.6038,False,False,True,True,False,45.694,95.4545,43.617
A71EV2A-x4608a,x4608a,Cn1cc2c(n1)CCC[C@@H]2C(=O)N1CCC[C@H](C(N)=O)C1,3.7496,False,False,True,True,False,45.0774,95.8333,43.1992
A71EV2A-x4654a,x4654a,NC(=O)[C@H]1CCCN(C(=O)Nc2cccc3c2S(=O)(=O)CCC3)C1,4.6162,False,False,True,True,False,39.8434,92.0,36.6559
A71EV2A-x4656a,x4656a,NC(=O)[C@H]1CCCN(C(=O)Nc2ccccc2SC(F)F)C1,4.3251,False,False,True,True,False,40.9723,91.6667,37.5579
A71EV2A-x4661a,x4661a,COc1ccccc1[C@H](C)N1C[C@@H](C(N)=O)CCC1=O,5.566,False,False,True,True,False,44.9534,95.4545,42.9101
A71EV2A-x4669a,x4669a_x4669b,NC(=O)[C@H]1CCCN(C(=O)Cc2cc3c(cc2Cl)OCCO3)C1,4.0372,False,False,True,True,False,39.1984,91.3043,35.7899
A71EV2A-x4669b,x4669a_x4669b,NC(=O)[C@H]1CCCN(C(=O)Cc2cc3c(cc2Cl)OCCO3)C1,4.0372,False,False,True,True,False,38.7004,91.3043,35.3351
A71EV2A-x4670a,x4670a,CSc1cccc(Br)c1CC(=O)N1CCC[C@H](C(N)=O)C1,5.2396,False,False,True,True,False,45.0007,87.5,39.3756
A71EV2A-x4674a,x4674a_x4674b_x4674c,NC(=O)[C@H]1CCCN(C(=O)Nc2cccc3c2SCCC3)C1,4.5141,False,False,True,True,False,47.3249,91.6667,43.3811
A71EV2A-x4674b,x4674a_x4674b_x4674c,NC(=O)[C@H]1CCCN(C(=O)Nc2cccc3c2SCCC3)C1,4.5141,False,False,True,True,False,50.4164,95.8333,48.3157
A71EV2A-x4674c,x4674a_x4674b_x4674c,NC(=O)[C@H]1CCCN(C(=O)Nc2cccc3c2SCCC3)C1,4.5141,False,False,True,True,False,44.8289,91.3043,40.9308
A71EV2A-x4675a,x4675a,CS(=O)(=O)c1ccccc1CC(=O)N1CCC[C@H](C(N)=O)C1,4.0182,False,False,True,True,False,43.1866,91.6667,39.5878
A71EV2A-x4684a,x4684a,CSc1ccccc1N(C)C(=O)N1CC[C@H](C(N)=O)C1,4.6402,False,False,True,True,False,47.8652,92.3077,44.1833
A71EV2A-x4689a,x4689a,CSc1cnccc1CC(=O)N1CCC[C@H](C(N)=O)C1,4.4079,False,False,True,True,False,42.5717,92.0,39.166
A71EV2A-x4694a,x4694a,CSc1ccccc1CN1C[C@H](C(N)=O)CCC1=O,4.644,False,False,True,True,False,54.1159,95.4545,51.6561
A71EV2A-x4701a,x4701a,CSCC1(CC(=O)N2CCC[C@H](C(N)=O)C2)CC1,4.027,False,False,True,True,False,43.3811,92.3077,40.0441
A71EV2A-x4703a,x4703a,CSc1cn(C)nc1NC(=O)N1CCC[C@H](C(N)=O)C1,3.761,False,False,True,True,False,48.9641,91.3043,44.7064
A71EV2A-x4706a,x4706a,NC(=O)[C@H]1CCCN(C(=O)C2CCSCC2)C1,4.6038,False,False,True,True,False,42.6906,90.4762,38.6248
A71EV2A-x4707a,x4707a,NC(=O)[C@H]1CCCN(C(=O)CC2CSC2)C1,4.6073,False,False,True,True,False,45.3552,95.0,43.0875
A71EV2A-x4708a,x4708a,NC(=O)[C@H]1CCCN(C(=O)C2(O)CCSCC2)C1,4.3883,False,False,True,True,False,41.4522,86.3636,35.7996
A71EV2A-x4710a,x4710a,CSc1cccc(CN2C[C@H](C(N)=O)CCC2=O)c1,4.6109,False,False,True,True,False,40.1718,92.0,36.9581
A71EV2A-x4712a,x4712a,CSc1ccccc1N(C)C(=O)N1CCC[C@H](C(N)=O)C1,4.602,False,False,True,True,False,43.5094,91.6667,39.8836
A71EV2A-x4721a,x4721a,CSc1ccccc1CC(=O)N1CCNC(=O)C1,4.0061,False,False,True,True,False,42.182,90.0,37.9638
A71EV2A-x4724a,x4724a,CSc1ccccc1CC(=O)N1CCC(F)(F)[C@H](C(N)=O)C1,4.921,False,False,True,True,False,41.7908,92.3077,38.5761
A71EV2A-x4727a,x4727a,CSc1c(NC(=O)N2CCC[C@H](C(N)=O)C2)c(C)nn1C,4.6073,False,False,True,True,False,44.6782,91.3043,40.7931
A71EV2A-x4735a,x4735a,CSc1ccccc1CC(=O)N1CCC[C@@H]1c1cnc[nH]1,4.8539,False,False,True,True,False,48.0647,85.7143,41.1983
A71EV2A-x4736a,x4736a,CSC[C@@H]1C[C@@H]1C(=O)N1CCC[C@H](C(N)=O)C1,4.8087,False,False,True,True,False,44.8612,95.4545,42.822
A71EV2A-x4739a,x4739a,CSc1ccccc1CC(=O)N1CC[C@@H]2[C@H](C1)[C@H]2C(N)=O,4.5582,False,False,True,True,False,42.7051,88.4615,37.7776
A71EV2A-x4745a,x4745a,CSc1ccccc1CC(=O)N1CCC[C@H](S(N)(=O)=O)C1,4.6038,False,False,True,True,False,42.1191,88.4615,37.2592
A71EV2A-x4746a,x4746a,CSc1ccccc1CC(=O)N1CCC[C@H](C(F)F)C1,3.8833,False,False,True,True,False,46.4683,88.4615,41.1066
A71EV2A-x4751a,x4751a,CSc1ccccc1CC(=O)N1CCC[C@H](CF)C1,4.0152,False,False,True,True,False,45.3281,92.0,41.7018
A71EV2A-x4753a,x4753a,CSc1ccccc1CC(=O)N1CCC[C@](F)(C(N)=O)C1,3.8398,False,False,True,True,False,50.7629,92.5926,47.0026
A71EV2A-x4774a,x4774a,CSc1nccnc1CC(=O)N1CCC[C@H](C(N)=O)C1,4.7812,False,False,True,True,False,44.0388,95.8333,42.2038
A71EV2A-x4778a,x4778a,COc1ccc(C(F)(F)F)cc1CC(=O)N1CCS[C@H](C(N)=O)C1,4.8285,False,False,True,True,False,40.4315,92.5926,37.4366
A71EV2A-x4784a,x4784a,NC(=O)[C@H]1CCCN(C(=O)C[C@@H]2CSCCS2)C1,4.618,False,False,False,False,False,42.0552,92.0,38.6908
A71EV2A-x4791a,x4791a,CSc1ccccc1CC(=O)N1CCC[C@H]2C(=O)NC[C@H]21,4.0352,False,False,True,True,False,42.991,90.0,38.6919
A71EV2A-x4794a,x4794a,CSc1ccccc1CC(=O)N1CCC[C@H](O)C1,4.0255,False,False,True,True,False,41.8473,92.3077,38.6283
A71EV2A-x4798a,x4798a,CSc1ccccc1CC(=O)N1CC[C@](O)(c2c[nH]nn2)C1,4.0174,False,False,False,False,False,43.5071,88.8889,38.673
A71EV2A-x4809a,x4809a,CSc1ccccc1CC(=O)N1CCC[C@H](CCO)C1,3.7795,False,False,True,True,False,42.1166,89.2857,37.6041
A71EV2A-x4812a,x4812a,CSc1cncnc1CC(=O)N1CCC[C@H](C(N)=O)C1,4.177,False,False,True,True,False,45.568,92.0,41.9226
A71EV2A-x4824a,x4824a_x4824b,CSc1ccccc1OC(=O)N1CCC[C@H](C(N)=O)C1,5.8268,False,False,True,True,False,47.7394,92.0,43.9203
A71EV2A-x4824b,x4824a_x4824b,CSc1ccccc1OC(=O)N1CCC[C@H](C(N)=O)C1,5.8268,False,False,True,True,False,47.3563,96.0,45.4621
A71EV2A-x4826a,x4826a_x4826b,CSc1ccncc1NC(=O)N1CCC[C@H](C(N)=O)C1,5.4525,False,False,True,True,False,49.0543,92.3077,45.2809
A71EV2A-x4826b,x4826a_x4826b,CSc1ccncc1NC(=O)N1CCC[C@H](C(N)=O)C1,5.4525,False,False,True,True,False,48.7465,95.8333,46.7154
A71EV2A-x4827a,x4827a_x4827b,CSc1ccncc1CC(=O)N1CCC[C@H](C(N)=O)C1,5.534,False,False,True,True,False,46.2293,92.3077,42.6732
A71EV2A-x4827b,x4827a_x4827b,CSc1ccncc1CC(=O)N1CCC[C@H](C(N)=O)C1,5.534,False,False,True,True,False,46.3333,96.0,44.4799
A71EV2A-x4829a,x4829a_x4829b_x4903a_x4903b,COc1ccc(Cl)cc1OC(=O)N1CCC[C@H](C(N)=O)C1,5.2628,False,False,True,True,False,40.4983,92.3077,37.383
A71EV2A-x4829b,x4829a_x4829b_x4903a_x4903b,COc1ccc(Cl)cc1OC(=O)N1CCC[C@H](C(N)=O)C1,5.2628,False,False,True,True,False,40.4274,92.3077,37.3176
A71EV2A-x4840a,x4840a,NC(=O)c1ccccc1CC(=O)N1CCC[C@H](C(N)=O)C1,3.6601,False,False,True,True,False,42.6672,92.3077,39.3851
A71EV2A-x4843a,x4843a,COc1ccc(C(F)(F)F)cc1N(C)C(=O)N1CCC[C@H](C(N)=O)C1,4.5611,False,False,True,True,False,39.5934,92.0,36.426
A71EV2A-x4845a,x4845a,COc1cc(Br)c(CC(=O)N2CCC[C@H](C(N)=O)C2)cc1OC,3.7202,False,False,True,True,False,39.7167,88.0,34.9507
A71EV2A-x4851a,x4851a,CSc1c(F)cccc1NC(=O)N1CCC[C@H](C(N)=O)C1,4.32,False,False,True,True,False,48.3365,92.3077,44.6183
A71EV2A-x4856a,x4856a,CSc1ccc(Br)cc1CC(=O)N1CC[C@H](C(N)=O)C1,4.1666,False,False,True,True,False,45.9906,92.3077,42.4528
A71EV2A-x4873a,x4524a_x4873a_x4873b,COc1cccc(NC(=O)N2CCC[C@H](C(N)=O)C2)c1Cl,4.6127,False,False,True,True,False,41.0705,90.9091,37.3368
A71EV2A-x4873b,x4524a_x4873a_x4873b,COc1cccc(NC(=O)N2CCC[C@H](C(N)=O)C2)c1Cl,4.6127,False,False,True,True,False,40.4159,91.3043,36.9014
A71EV2A-x4883a,x4883a_x4883b,CSc1ncccc1NC(=O)N1CCC[C@H](C(N)=O)C1,4.221,False,False,True,True,False,47.2466,92.0,43.4668
A71EV2A-x4883b,x4883a_x4883b,CSc1ncccc1NC(=O)N1CCC[C@H](C(N)=O)C1,4.221,False,False,True,True,False,47.2065,95.6522,45.1541
A71EV2A-x4885a,x4885a_x4885b,CSc1ccccc1CC(=O)N1C[C@@H](C)C[C@H](C(N)=O)C1,4.1316,False,False,True,True,False,45.4474,92.0,41.8116
A71EV2A-x4885b,x4885a_x4885b,CSc1ccccc1CC(=O)N1C[C@@H](C)C[C@H](C(N)=O)C1,4.1316,False,False,True,True,False,42.6219,92.0,39.2122
A71EV2A-x4894a,x4894a_x4940a,CSc1ccccc1CC(=O)N1CCC[C@](O)(C(N)=O)C1,3.956,False,False,True,True,False,47.4933,92.0,43.6938
A71EV2A-x4895a,x4895a_x4895b,C[C@H](C(=O)N1CCC[C@H](C(N)=O)C1)c1nc(F)ccc1Cl,4.2774,False,False,True,True,False,44.9731,90.9091,40.8846
A71EV2A-x4895b,x4895a_x4895b,C[C@H](C(=O)N1CCC[C@H](C(N)=O)C1)c1nc(F)ccc1Cl,4.2774,False,False,True,True,False,44.7067,91.6667,40.9812
A71EV2A-x4899a,x4899a_x4899b,COc1ncccc1NS(=O)(=O)N1CCC[C@H](C(N)=O)C1,4.6012,False,False,True,True,False,41.0545,92.0,37.7701
A71EV2A-x4899b,x4899a_x4899b,COc1ncccc1NS(=O)(=O)N1CCC[C@H](C(N)=O)C1,4.6012,False,False,True,True,False,41.1848,95.8333,39.4688
A71EV2A-x4903a,x4829a_x4829b_x4903a_x4903b,COc1ccc(Cl)cc1OC(=O)N1CCC[C@H](C(N)=O)C1,5.2628,False,False,True,True,False,40.474,92.0,37.2361
A71EV2A-x4903b,x4829a_x4829b_x4903a_x4903b,COc1ccc(Cl)cc1OC(=O)N1CCC[C@H](C(N)=O)C1,5.2628,False,False,True,True,False,42.0878,92.3077,38.8503
A71EV2A-x4914a,x4914a,CSc1cccnc1CC(=O)N1CCC[C@H](C(N)=O)C1,5.0974,False,False,True,True,False,41.137,92.0,37.846
A71EV2A-x4918a,x4918a,CSc1ncccc1CC(=O)N1CCC[C@H](C(N)=O)C1,5.0727,False,False,True,True,False,44.0342,95.8333,42.1994
A71EV2A-x4922a,x4922a,CSc1ccccc1N1C[C@@H](C(N)=O)CCC1=O,4.6021,False,False,True,True,False,46.0171,95.4545,43.9254
A71EV2A-x4924a,x4924a,NC(=O)[C@H]1CCC(=O)N(Cc2cccc(F)c2)C1,4.2552,False,False,True,True,False,41.1635,95.6522,39.3738
A71EV2A-x4963a,x4963a_x4963b,COC[C@]12C[C@](C(N)=O)(CN1C(=O)Cc1ccccc1OC)C2,4.0287,False,False,True,True,False,39.4138,91.6667,36.1293
A71EV2A-x4963b,x4963a_x4963b,COC[C@]12C[C@](C(N)=O)(CN1C(=O)Cc1ccccc1OC)C2,4.0287,False,False,True,True,False,39.3837,95.8333,37.7427
A71EV2A-x4974a,x4974a,Cn1ncc2ccc(CN3C[C@H](C(N)=O)CCC3=O)cc21,4.0267,False,False,True,True,False,40.4063,96.1538,38.8522
A71EV2A-x4977a,x4977a_x4977b,CSc1ccc2ncccc2c1NC(=O)N1CCC[C@H](C(N)=O)C1,6.1289,False,False,True,True,False,37.9494,91.6667,34.7869
A71EV2A-x4977b,x4977a_x4977b,CSc1ccc2ncccc2c1NC(=O)N1CCC[C@H](C(N)=O)C1,6.1289,False,False,True,True,False,38.057,91.6667,34.8856
A71EV2A-x4979a,x4979a_x4979b,NC(=O)[C@H]1CCCN(C(=O)Cc2ncncc2Cl)C1,4.0367,False,False,True,True,False,46.1025,91.3043,42.0936
A71EV2A-x4979b,x4979a_x4979b,NC(=O)[C@H]1CCCN(C(=O)Cc2ncncc2Cl)C1,4.0367,False,False,True,True,False,45.9167,95.4545,43.8296
A71EV2A-x4986a,x4986a_x4986b,CSc1ccc(N2CCCC2=O)cc1NC(=O)N1CCC[C@H](C(N)=O)C1,5.0623,False,False,True,True,False,37.1054,92.0,34.137
A71EV2A-x4986b,x4986a_x4986b,CSc1ccc(N2CCCC2=O)cc1NC(=O)N1CCC[C@H](C(N)=O)C1,5.0623,False,False,True,False,False,37.7385,92.0,34.7194
A71EV2A-x4935a,x4935a,CSc1cscc1CC(=O)N1CCC[C@H](C(N)=O)C1,5.0735,False,False,True,True,False,45.606,96.0,43.7818
A71EV2A-x4940a,x4894a_x4940a,CSc1ccccc1CC(=O)N1CCC[C@](O)(C(N)=O)C1,3.956,False,False,True,True,False,47.4501,92.0,43.6541
A71EV2A-x4943a,x4943a_x4943b,NC(=O)[C@H]1CCCN(C(=O)[C@H]2CCSc3ccccc32)C1,4.8268,False,False,True,True,False,48.281,91.6667,44.2576
A71EV2A-x4943b,x4943a_x4943b,NC(=O)[C@H]1CCCN(C(=O)[C@H]2CCSc3ccccc32)C1,4.8268,False,False,True,True,False,48.0315,92.0,44.189
A71EV2A-x4954a,x4954a,CCc1ccsc1CN1C[C@@H](C(N)=O)CCC1=O,4.6687,False,False,True,True,False,53.7409,95.6522,51.4043
A71EV2A-x4992a,x4992a,Cn1cc(CC(=O)N2C[C@@H](C(N)=O)C[C@H]3C[C@H]32)cn1,4.608,False,False,True,True,False,44.7179,95.8333,42.8547
A71EV2A-x4994a,x4994a,Cn1nc(CC(=O)N2CC(C(N)=O)C2)c2ccccc21,4.6108,False,False,True,True,False,47.6058,88.4615,42.1128
A71EV2A-x5015a,x5015a_x5015b,C=Cc1cccc(CC(=O)N2CCC[C@H](C(N)=O)C2)n1,5.0991,False,False,True,True,False,48.0537,78.2609,37.6072
A71EV2A-x5015b,x5015a_x5015b,C=Cc1cccc(CC(=O)N2CCC[C@H](C(N)=O)C2)n1,5.0991,False,False,True,True,False,48.0121,78.2609,37.5747
A71EV2A-x5022a,x5022a_x5022b,CSc1nc2c(cc1NC(=O)N1CCC[C@H](C(N)=O)C1)CCCC2,4.2175,False,False,True,True,False,39.8466,91.6667,36.5261
A71EV2A-x5022b,x5022a_x5022b,CSc1nc2c(cc1NC(=O)N1CCC[C@H](C(N)=O)C1)CCCC2,4.2175,False,False,True,True,False,42.6223,82.6087,35.2097
A71EV2A-x5036a,x5036a_x5036b,COc1cccc(CN2C[C@@H](C(N)=O)CCC2=O)c1,4.6082,False,False,True,True,False,39.3252,95.8333,37.6866
A71EV2A-x5036b,x5036a_x5036b,COc1cccc(CN2C[C@@H](C(N)=O)CCC2=O)c1,4.6082,False,False,True,True,False,39.4149,91.6667,36.1303
A71EV2A-x5039a,x5039a_x5039b,CSc1ncncc1CC(=O)N1CCC[C@H](C(N)=O)C1,5.1862,False,False,True,True,False,43.3331,91.6667,39.722
A71EV2A-x5039b,x5039a_x5039b,CSc1ncncc1CC(=O)N1CCC[C@H](C(N)=O)C1,5.1862,False,False,True,True,False,43.3673,95.8333,41.5603
A71EV2A-x5052a,x5052a,NC(=O)[C@@H]1CCC(=O)N([C@@H]2CCCc3ccccc32)C1,4.5935,False,False,True,True,False,41.0404,92.0,37.7572
A71EV2A-x5079a,x5079a_x5079b,NC(=O)[C@H]1CCCN(C(=O)Cc2cccnc2Cl)C1,3.4369,False,False,True,True,False,43.4358,91.3043,39.6588
A71EV2A-x5079b,x5079a_x5079b,NC(=O)[C@H]1CCCN(C(=O)Cc2cccnc2Cl)C1,3.4369,False,False,True,True,False,43.4838,95.6522,41.5932
A71EV2A-x5081a,x5081a_x5081b,NC(=O)[C@H]1CCCN(C(=O)Cc2cncnc2Cl)C1,4.0376,False,False,True,True,False,42.656,91.3043,38.9467
A71EV2A-x5081b,x5081a_x5081b,NC(=O)[C@H]1CCCN(C(=O)Cc2cncnc2Cl)C1,4.0376,False,False,True,True,False,42.3238,95.6522,40.4837
A71EV2A-x5082a,x5082a_x5082b,N#Cc1cccc(CC(=O)N2CCC[C@H](C(N)=O)C2)n1,4.6252,False,False,True,True,False,39.5377,95.6522,37.8187
A71EV2A-x5082b,x5082a_x5082b,N#Cc1cccc(CC(=O)N2CCC[C@H](C(N)=O)C2)n1,4.6252,False,False,True,True,False,43.4684,95.8333,41.6572
A71EV2A-x5090a,x5090a_x5150a,Cn1cc(NS(=O)(=O)N2CCC[C@H](C(N)=O)C2)cn1,5.7381,False,False,True,True,False,43.0632,96.0,41.3406
A71EV2A-x5106a,x5106a_x5258a,Cn1ccnc1[C@@H](c1ccccc1)N1C[C@@H](C(N)=O)CC1=O,4.6498,False,False,True,True,False,38.8036,95.6522,37.1165
A71EV2A-x5150a,x5090a_x5150a,Cn1cc(NS(=O)(=O)N2CCC[C@H](C(N)=O)C2)cn1,5.7381,False,False,True,True,False,40.4207,96.0,38.8038
A71EV2A-x5151a,x5151a,NC(=O)[C@H]1CCCN(C(=O)Cc2cccc3c2SCC3)C1,3.5518,False,False,True,True,False,46.4797,95.6522,44.4589
A71EV2A-x5171a,x5171a_x5171b,CSc1ccccc1CC(=O)N1C[C@H](C(N)=O)C[C@H](C(N)=O)C1,5.2072,False,False,True,True,False,42.4931,92.5926,39.3454
A71EV2A-x5171b,x5171a_x5171b,CSc1ccccc1CC(=O)N1C[C@H](C(N)=O)C[C@H](C(N)=O)C1,5.2072,False,False,True,True,False,42.462,96.1538,40.8288
A71EV2A-x5177a,x5177a,CSc1ccccc1CC(=O)N1C[C@@H](C(N)=O)C[C@H]2C[C@H]21,5.6765,False,False,True,True,False,43.9225,92.0,40.4087
A71EV2A-x5182a,x5182a,CSc1ccncc1NS(=O)(=O)N1CCC[C@H](C(N)=O)C1,4.8818,False,False,True,True,False,46.7522,92.5926,43.2891
A71EV2A-x5200a,x5104a_x5200a_x5268a,CSc1ccccc1CC(=O)N1C[C@H](C)C[C@H](C(N)=O)C1,4.4941,False,False,True,True,False,44.6769,96.0,42.8898
A71EV2A-x5203a,x5203a_x5203b,CSc1ccc(Br)cc1CC(=O)N1CCC[C@H](C(N)=O)CC1,4.0847,False,False,True,True,False,44.8205,92.3077,41.3727
A71EV2A-x5203b,x5203a_x5203b,CSc1ccc(Br)cc1CC(=O)N1CCC[C@H](C(N)=O)CC1,4.0847,False,False,True,True,False,44.6464,92.0,41.0747
A71EV2A-x5210a,x5210a_x5210b,NC(=O)[C@H]1CCC(=O)N([C@H]2CCCc3ccccc32)C1,4.6319,False,False,True,True,False,48.5433,95.4545,46.3368
A71EV2A-x5210b,x5210a_x5210b,NC(=O)[C@H]1CCC(=O)N([C@H]2CCCc3ccccc32)C1,4.6319,False,False,True,True,False,48.3516,95.4545,46.1538
A71EV2A-x5212a,x5212a,N#Cc1ncncc1CC(=O)N1CCC[C@H](C(N)=O)C1,4.4248,False,False,True,True,False,41.9347,91.6667,38.4401
A71EV2A-x5213a,x5213a_x5213b,NC(=O)[C@H]1CCCN(C(=O)Cc2ccnc(Cl)n2)C1,4.6536,False,False,True,True,False,39.7084,95.8333,38.0539
A71EV2A-x5213b,x5213a_x5213b,NC(=O)[C@H]1CCCN(C(=O)Cc2ccnc(Cl)n2)C1,4.6536,False,False,True,True,False,41.4832,95.6522,39.6796
A71EV2A-x5221a,x5221a,NC(=O)[C@H]1CCCN(C(=O)Cc2cccc3ncsc23)C1,3.9648,False,False,True,True,False,45.0256,96.0,43.2246
A71EV2A-x5226a,x5226a,CNC(=O)c1oc2ccccc2c1CN1C[C@@H](C(N)=O)CCC1=O,4.0273,False,False,True,True,False,46.5149,96.0,44.6543
A71EV2A-x5231a,x5231a,CS[C@@H]1CCCC[C@H]1OC(=O)N1CCC[C@H](C(N)=O)C1,3.5962,False,False,True,True,False,46.8861,90.9091,42.6237
A71EV2A-x5247a,x5247a_x5247b,CSc1ccc(Br)cc1CC(=O)N1C[C@H](C(N)=O)CC[C@H]1C,5.3704,False,False,True,True,False,43.252,92.0,39.7919
A71EV2A-x5247b,x5247a_x5247b,CSc1ccc(Br)cc1CC(=O)N1C[C@H](C(N)=O)CC[C@H]1C,5.3704,False,False,True,True,False,42.5553,92.0,39.1509
A71EV2A-x5249a,x5249a,CSc1cccc2c1N(C(=O)N1CCC[C@H](C(N)=O)C1)CCCO2,3.9795,False,False,True,True,False,42.7102,92.0,39.2934
A71EV2A-x5261a,x5261a,CSc1ccc2cnccc2c1NC(=O)N1CCC[C@H](C(N)=O)C1,5.7726,False,False,True,True,False,41.8588,96.0,40.1844
A71EV2A-x5262a,x5262a_x5262b,CSc1ccccc1CC(=O)N1C[C@H]2C[C@]1(CC(N)=O)C2,4.0513,False,False,True,True,False,42.8753,95.2381,40.8336
A71EV2A-x5262b,x5262a_x5262b,CSc1ccccc1CC(=O)N1C[C@H]2C[C@]1(CC(N)=O)C2,4.0513,False,False,True,True,False,42.3612,95.2381,40.344
A71EV2A-x5268a,x5104a_x5200a_x5268a,CSc1ccccc1CC(=O)N1C[C@H](C)C[C@H](C(N)=O)C1,4.0066,False,False,True,True,False,44.0118,92.5926,40.7517
A71EV2A-x5276a,x5276a,CSc1ccc(C2CC2)cc1CC(=O)N1CCC[C@H](C(N)=O)C1,5.5277,False,False,True,True,False,41.1256,88.4615,36.3803
A71EV2A-x5277a,x5277a,NC(=O)[C@]12CN(C(=O)Cc3ccccc3Cl)C[C@H](C1)C2,4.0046,False,False,True,True,False,54.9039,75.0,41.1779
A71EV2A-x5278a,x5278a,COc1ccc(Cl)cc1NS(=O)(=O)N1CCC[C@H](C(N)=O)C1,3.9892,False,False,True,True,False,46.9826,92.3077,43.3685
A71EV2A-x5283a,x5283a_x5283b,CSc1ccc2scnc2c1NC(=O)N1CCC[C@H](C(N)=O)C1,5.7757,False,False,True,True,False,41.0954,92.0,37.8077
A71EV2A-x5283b,x5283a_x5283b,CSc1ccc2scnc2c1NC(=O)N1CCC[C@H](C(N)=O)C1,5.7757,False,False,True,True,False,41.1467,92.0,37.8549
A71EV2A-x5288a,x5288a_x5288b,CCCSc1cccc(OC)c1NC(=O)N1CCC[C@H](C(N)=O)C1,3.7953,False,False,True,True,False,43.6055,92.0,40.1171
A71EV2A-x5288b,x5288a_x5288b,CCCSc1cccc(OC)c1NC(=O)N1CCC[C@H](C(N)=O)C1,3.7953,False,False,True,True,False,44.9083,95.6522,42.9558
A71EV2A-x5289a,x5289a_x5289b,COc1cccc(SC(C)C)c1NC(=O)N1CCC[C@H](C(N)=O)C1,5.3132,False,False,True,True,False,38.7425,91.6667,35.514
A71EV2A-x5289b,x5289a_x5289b,COc1cccc(SC(C)C)c1NC(=O)N1CCC[C@H](C(N)=O)C1,5.3132,False,False,True,True,False,44.6257,95.6522,42.6854
A71EV2A-x5317a,x5317a,CNC(=O)[C@@H](c1cccc(C)c1)N1C[C@@H](C(N)=O)CC1=O,4.5969,False,False,True,True,False,41.5365,96.1538,39.9389
A71EV2A-x5339a,x5339a_x5339b,CSc1ccc(Br)cc1CC(=O)N1C[C@H](C(N)=O)CC[C@@H]1C,5.1632,False,False,True,True,False,45.8459,92.0,42.1783
A71EV2A-x5339b,x5339a_x5339b,CSc1ccc(Br)cc1CC(=O)N1C[C@H](C(N)=O)CC[C@@H]1C,5.1632,False,False,True,True,False,40.7549,92.0,37.4945
A71EV2A-x5351a,x5351a,NC(=O)[C@H]1CCCN(C(=O)OC2CCCCC2)C1,4.0423,False,False,True,True,False,50.0286,85.0,42.5243
A71EV2A-x5359a,x5359a_x5359b,C=Cc1ccccc1CS(=O)(=O)N1CCC[C@H](C(N)=O)C1,4.5952,False,False,True,True,False,51.5416,92.0,47.4182
A71EV2A-x5359b,x5359a_x5359b,C=Cc1ccccc1CS(=O)(=O)N1CCC[C@H](C(N)=O)C1,4.5952,False,False,False,False,True,52.8372,53.3333,28.1798
A71EV2A-x5366a,x5366a_x5366b,CSc1ccc(Br)cc1CC(=O)N1C[C@@H](C(N)=O)CC[C@H]1C,5.1632,False,False,True,True,False,41.7048,92.3077,38.4967
A71EV2A-x5366b,x5366a_x5366b,CSc1ccc(Br)cc1CC(=O)N1C[C@@H](C(N)=O)CC[C@H]1C,5.1632,False,False,True,True,False,38.9783,92.5926,36.091
A71EV2A-x5383a,x5383a,CSc1ccccc1[C@@H](NC(C)=O)C(=O)N1CC[C@H](C(N)=O)C1,5.1861,False,False,True,True,False,37.0749,92.5926,34.3286
A71EV2A-x5387a,x5387a_x5387b,CSc1ccccc1CC(=O)N1C[C@@H](O)C[C@H](C(N)=O)C1,3.6609,False,False,True,True,False,39.1545,92.0,36.0221
A71EV2A-x5387b,x5387a_x5387b,CSc1ccccc1CC(=O)N1C[C@@H](O)C[C@H](C(N)=O)C1,3.6609,False,False,True,True,False,40.872,95.8333,39.169
A71EV2A-x5389a,x5389a,COc1cccc2c1N(C(=O)N1CCC[C@H](C(N)=O)C1)CCS2,4.296,False,False,True,True,False,44.2015,91.6667,40.518
A71EV2A-x5398a,x5398a,COC[C@]1(C)C[C@H](C(N)=O)CN1C(=O)Cc1cc(Br)ccc1SC,5.5101,False,False,True,True,False,42.9701,92.3077,39.6647
A71EV2A-x5403a,x5403a,CSc1ccc(SC(C)(C)C)cc1CC(=O)N1CCC[C@H](C(N)=O)C1,5.1112,False,False,True,True,False,43.9817,91.6667,40.3166
A71EV2A-x5409a,x5409a_x5409b,NC(=O)CC1CCN(C(=O)c2cccc(F)c2)CC1,4.5977,False,False,True,True,False,47.4026,92.0,43.6104
A71EV2A-x5409b,x5409a_x5409b,NC(=O)CC1CCN(C(=O)c2cccc(F)c2)CC1,4.5977,False,False,True,True,False,42.2993,92.0,38.9154
A71EV2A-x5424a,x5424a_x5424b,Cc1ccc(CC(=O)N2CCC[C@H](C(N)=O)C2)s1,4.633,False,False,True,True,False,45.4981,96.0,43.6782
A71EV2A-x5424b,x5424a_x5424b,Cc1ccc(CC(=O)N2CCC[C@H](C(N)=O)C2)s1,4.633,False,False,True,True,False,45.7679,95.8333,43.8609
A71EV2A-x5425a,x5425a_x5425b,NC(=O)[C@H]1CCCN(C(=O)Cc2ccsc2)C1,4.5897,False,False,True,True,False,42.899,95.4545,40.949
A71EV2A-x5425b,x5425a_x5425b,NC(=O)[C@H]1CCCN(C(=O)Cc2ccsc2)C1,4.5897,False,False,True,True,False,43.1369,95.4545,41.1761
A71EV2A-x5427a,x5427a,NC(=O)[C@H]1CCN(C(=O)Cc2c(Cl)cccc2Cl)C1,4.7545,False,False,True,True,False,46.3023,90.9091,42.093
A71EV2A-x5431a,x5431a_x5431b,NC(=O)[C@H]1CCN(C(=O)[C@@H]2SCCc3sccc32)C1,4.4301,False,False,True,True,False,44.4955,95.8333,42.6415
A71EV2A-x5431b,x5431a_x5431b,NC(=O)[C@H]1CCN(C(=O)[C@@H]2SCCc3sccc32)C1,4.4301,False,False,True,True,True,41.3726,15.3846,6.365
A71EV2A-x5448a,x5448a,N#Cc1nccc(CC(=O)N2CCC[C@H](C(N)=O)C2)n1,4.0064,False,False,True,True,False,44.8075,95.6522,42.8593
A71EV2A-x5449a,x5449a_x5449b,CSc1ccc(S(C)(=O)=O)cc1CC(=O)N1CCC[C@H](C(N)=O)C1,5.6097,False,False,True,True,False,40.2329,88.4615,35.5907
A71EV2A-x5449b,x5449a_x5449b,CSc1ccc(S(C)(=O)=O)cc1CC(=O)N1CCC[C@H](C(N)=O)C1,5.6097,False,False,True,True,False,40.2049,92.3077,37.1122
A71EV2A-x5466a,x5466a,C#Cc1ccc(C)c(OC(=O)N2CCC[C@H](C(N)=O)C2)c1,3.8964,False,False,True,True,False,41.0464,91.3043,37.4772
A71EV2A-x5475a,x5475a_x5475b,CSc1ccc2c(c1)[C@H](C(=O)N1CCC[C@H](C(N)=O)C1)CCO2,4.0605,False,False,True,True,False,38.9155,91.3043,35.5315
A71EV2A-x5475b,x5475a_x5475b,CSc1ccc2c(c1)[C@H](C(=O)N1CCC[C@H](C(N)=O)C1)CCO2,4.0605,False,False,True,True,False,38.7127,91.6667,35.4866
A71EV2A-x5479a,x5479a,Cc1ccc2cccnc2c1OC(=O)N1CCC[C@H](C(N)=O)C1,4.5975,False,False,True,True,False,45.4389,91.3043,41.4877
A71EV2A-x5482a,x5482a,Cc1cc2sccc2c(Cl)c1OC(=O)N1CCC[C@H](C(N)=O)C1,4.2151,False,False,True,True,False,44.9228,91.3043,41.0165
A71EV2A-x5488a,x5488a,COC[C@H]1CC[C@H](C(N)=O)CN1C(=O)Cc1ccccc1SC,4.0115,False,False,True,True,False,43.6157,92.5926,40.3849
A71EV2A-x5494a,x5494a,CSc1ccc(Br)cc1CC(=O)N1CCC[C@H](C(N)=O)[C@@H]1C,4.0112,False,False,True,True,False,40.808,88.0,35.9111
A71EV2A-x5497a,x5497a,CN(C)C(=O)[C@@H](c1ccccc1)N1C[C@@H](C(N)=O)CC1=O,4.0031,False,False,True,True,False,39.9161,95.6522,38.1806
A71EV2A-x5509a,x5509a,CSc1ccc(-c2ccncc2)cc1CC(=O)N1CCC[C@H](C(N)=O)C1,5.9835,False,False,True,True,False,41.9274,88.4615,37.0897
A71EV2A-x5512a,x5512a_x5512b,CSc1ccc(C(=O)Nc2ccncc2)cc1CC(=O)N1CCC[C@H](C(N)=O)C1,6.0583,False,False,True,True,False,38.246,76.9231,29.42
A71EV2A-x5512b,x5512a_x5512b,CSc1ccc(C(=O)Nc2ccncc2)cc1CC(=O)N1CCC[C@H](C(N)=O)C1,6.0583,False,False,True,True,False,33.2499,88.8889,29.5555
A71EV2A-x5525a,x5525a_x5525b,CSc1ccc(-c2cc[nH]n2)cc1CC(=O)N1CCC[C@H](C(N)=O)C1,5.9559,False,False,True,True,False,40.0018,88.4615,35.3862
A71EV2A-x5525b,x5525a_x5525b,CSc1ccc(-c2cc[nH]n2)cc1CC(=O)N1CCC[C@H](C(N)=O)C1,5.9559,False,False,True,True,False,40.5605,92.3077,37.4405
A71EV2A-x5526a,x5526a,CSc1ccc(-c2ccccc2)cc1CC(=O)N1CCC[C@H](C(N)=O)C1,5.7576,False,False,True,True,False,44.795,88.0,39.4196
A71EV2A-x5533a,x5533a,CSc1ccc(OC2CC2)cc1NC(=O)N1CCC[C@H](C(N)=O)C1,4.6744,False,False,True,True,False,39.4428,92.0,36.2874
A71EV2A-x5544a,x5544a,CSc1ncnc(-c2cn[nH]c2)c1CC(=O)N1CCC[C@H](C(N)=O)C1,5.5799,False,False,True,True,False,36.5358,92.3077,33.7253
A71EV2A-x5550a,x5550a,NC(=O)[C@H]1CCCN(C(=O)[C@H]2CC[C@H]2c2ccc(Cl)cc2)C1,4.0009,False,False,True,True,False,43.1604,95.6522,41.2839
A71EV2A-x5556a,x5556a,C[C@@H](c1ccc(Cl)c(Br)c1)N1C[C@@H](C(N)=O)CCC1=O,4.0414,False,False,True,True,False,41.609,92.0,38.2803
A71EV2A-x5559a,x5559a,N#Cc1ccc(Br)cc1OC(=O)N1CCC[C@H](C(N)=O)C1,4.4214,False,False,True,True,False,43.2168,91.6667,39.6154
A71EV2A-x5570a,x5570a,NC(=O)[C@H]1CCN(C(=O)[C@@H]2CSc3ccccc32)C1,4.129,False,False,True,True,False,45.0503,95.8333,43.1732
A71EV2A-x5572a,x5572a,Cc1ccc2ccccc2c1N1C[C@@H](C(N)=O)CCC1=O,3.9426,False,False,True,True,False,44.5172,95.2381,42.3973
A71EV2A-x5581a,x5581a,CSc1ncnc(SC)c1CC(=O)N1CCC[C@H](C(N)=O)C1,5.699,False,False,True,True,False,41.9643,92.0,38.6072
A71EV2A-x5594a,x5594a_x5594b,N#Cc1ccncc1OC(=O)N1CCC[C@H](C(N)=O)C1,4.5043,False,False,True,True,False,47.2333,91.3043,43.1261
A71EV2A-x5594b,x5594a_x5594b,N#Cc1ccncc1OC(=O)N1CCC[C@H](C(N)=O)C1,4.5043,False,False,True,True,False,46.751,95.6522,44.7183
A71EV2A-x5598a,x5598a_x5598b,CSc1ccc(N2CCOCC2)cc1NC(=O)N1CCC[C@H](C(N)=O)C1,4.9249,False,False,True,True,False,37.6214,88.4615,33.2804
A71EV2A-x5598b,x5598a_x5598b,CSc1ccc(N2CCOCC2)cc1NC(=O)N1CCC[C@H](C(N)=O)C1,4.9249,False,False,True,True,False,37.3671,92.0,34.3778
A71EV2A-x5599a,x5599a_x5599b,Cc1ccc2c(c1OC(=O)N1CCC[C@H](C(N)=O)C1)CCC2,4.4793,False,False,True,True,False,48.0825,91.6667,44.0756
A71EV2A-x5599b,x5599a_x5599b,Cc1ccc2c(c1OC(=O)N1CCC[C@H](C(N)=O)C1)CCC2,4.4793,False,False,True,True,False,43.9832,95.8333,42.1506
A71EV2A-x5604a,x5604a,CSc1ccc(-n2cccn2)cc1CC(=O)N1CCC[C@H](C(N)=O)C1,6.0176,False,False,True,True,False,41.4544,88.4615,36.6712
A71EV2A-x5608a,x5608a_x5608b,NC(=O)[C@H]1CCC(=O)N(Cc2ccsc2)C1,3.7741,False,False,True,True,False,44.3421,95.4545,42.3265
A71EV2A-x5608b,x5608a_x5608b,NC(=O)[C@H]1CCC(=O)N(Cc2ccsc2)C1,3.7741,False,False,True,True,False,48.6779,95.2381,46.3599
A71EV2A-x5635a,x5635a_x5635b,NC(=O)[C@H]1CCC(=O)N(Cc2cc(F)cnc2C(F)(F)F)C1,4.3155,False,False,True,True,False,48.5483,92.3077,44.8138
A71EV2A-x5635b,x5635a_x5635b,NC(=O)[C@H]1CCC(=O)N(Cc2cc(F)cnc2C(F)(F)F)C1,4.3155,False,False,True,True,False,48.5825,95.4545,46.3742
A71EV2A-x5665a,x5665a,NC(=O)[C@H]1CCC(=O)N([C@@H](CC(F)(F)F)c2cc(Cl)cc(Cl)c2)C1,4.328,False,False,True,True,False,37.8549,92.3077,34.943
A71EV2A-x5666a,x5666a,CSc1ncnc(N2CCc3ccsc3C2)c1CC(=O)N1CCC[C@H](C(N)=O)C1,5.7946,False,False,True,True,False,45.1116,88.4615,39.9064
A71EV2A-x5673a,x5673a,C[C@@H](c1cccc(Cl)c1F)N1C[C@@H](C(N)=O)CCC1=O,4.6326,False,False,True,True,False,41.1901,91.6667,37.7576
A71EV2A-x5676a,x5676a,CC[C@@H](c1ccc(Cl)c(Cl)c1)N1C[C@@H](C(N)=O)CCC1=O,4.0124,False,False,True,True,False,39.8466,95.8333,38.1863
A71EV2A-x5687a,x5687a,CSc1cccc2c1[C@H](C(=O)N1CCC[C@H](C(N)=O)C1)CC2,6.1051,False,False,True,True,False,44.0906,92.0,40.5634
A71EV2A-x5699a,x5699a,CC[C@@H](c1cc(F)cc(Br)c1)N1C[C@@H](C(N)=O)CCC1=O,4.7122,False,False,True,True,False,43.8648,92.5926,40.6155
A71EV2A-x5705a,x5705a_x5705b,NC(=O)[C@H]1CCN(C(=O)[C@@H]2CCCN2C(=O)c2cccs2)C1,5.0123,False,False,True,True,False,46.0464,95.6522,44.0444
A71EV2A-x5705b,x5705a_x5705b,NC(=O)[C@H]1CCN(C(=O)[C@@H]2CCCN2C(=O)c2cccs2)C1,5.0123,False,False,True,True,False,45.9202,95.6522,43.9236
A71EV2A-x5721a,x5721a_x5721b,Cn1ncc2ccc(CN3C[C@@H](C(N)=O)CC(C)(C)C3=O)cc21,4.0057,False,False,True,True,False,38.8848,96.0,37.3294
A71EV2A-x5721b,x5721a_x5721b,Cn1ncc2ccc(CN3C[C@@H](C(N)=O)CC(C)(C)C3=O)cc21,4.0057,False,False,True,True,False,40.4792,95.8333,38.7926
A71EV2A-x5728a,x5728a,NC(=O)[C@H]1CCN(C(=O)[C@@H]2CCOc3ccc(Cl)cc32)C1,4.4372,False,False,True,True,False,42.3862,96.1538,40.756
A71EV2A-x5744a,x5744a,C[C@@H](c1ccc2[nH]ncc2c1)N1C[C@@H](C(N)=O)CCC1=O,4.1801,False,False,True,True,False,42.5449,96.0,40.8431
A71EV2A-x5747a,x5747a,C#C[C@@H]1CCCC[C@H]1OC(=O)N1CCC[C@H](C(N)=O)C1,4.0119,False,False,True,True,False,51.1277,90.9091,46.4797
A71EV2A-x5758a,x5758a_x5758b,CSc1ccc(Br)cc1CC(=O)N1[C@H]2CC[C@H](C(N)=O)[C@@H]1CC2,4.0227,False,False,True,True,False,43.0145,92.5926,39.8283
A71EV2A-x5758b,x5758a_x5758b,CSc1ccc(Br)cc1CC(=O)N1[C@H]2CC[C@H](C(N)=O)[C@@H]1CC2,4.0227,False,False,True,True,False,42.9267,92.5926,39.7469
A71EV2A-x5766a,x5766a,C[C@H]1CC(=O)N(Cc2ccc3cnn(C)c3c2)C[C@H]1C(N)=O,4.2079,False,False,True,True,False,39.2305,96.0,37.6613
A71EV2A-x5777a,x5777a_x5777b,C[C@@H]1CC(=O)N(Cc2ccc3cnn(C)c3c2)C[C@H]1C(N)=O,4.7643,False,False,True,True,False,39.9791,92.0,36.7808
A71EV2A-x5777b,x5777a_x5777b,C[C@@H]1CC(=O)N(Cc2ccc3cnn(C)c3c2)C[C@H]1C(N)=O,4.7643,False,False,True,True,False,39.5429,95.6522,37.8237
A71EV2A-x5779a,x5779a,NC(=O)[C@H]1CCN(C(=O)Cn2cc(Br)cc(Cl)c2=O)C1,4.0249,False,False,True,True,False,42.2573,88.8889,37.562
A71EV2A-x5788a,x5788a,CSc1cccc(-n2ccnc2)c1CC(=O)N1CCC[C@H](C(N)=O)C1,5.5089,False,False,True,True,False,37.2224,91.6667,34.1206
A71EV2A-x5798a,x5798a_x5798b,NC(=O)[C@H]1C[C@H]2C[C@H]2N(C(=O)Cc2ccccc2Cl)C1,4.4763,False,False,True,True,False,45.7086,91.6667,41.8996
A71EV2A-x5798b,x5798a_x5798b,NC(=O)[C@H]1C[C@H]2C[C@H]2N(C(=O)Cc2ccccc2Cl)C1,4.4763,False,False,True,True,False,45.7036,95.6522,43.7165
A71EV2A-x5802a,x5802a_x5802b,NC(=O)[C@H]1C[C@@H]2C[C@@H]2N(C(=O)Cc2ccccc2Cl)C1,4.5797,False,False,True,True,False,45.2646,91.6667,41.4926
A71EV2A-x5802b,x5802a_x5802b,NC(=O)[C@H]1C[C@@H]2C[C@@H]2N(C(=O)Cc2ccccc2Cl)C1,4.5797,False,False,True,True,False,45.1806,95.6522,43.2162
A71EV2A-x5808a,x5808a_x5808b,CSc1ncnc(N2CC(c3nncn3C)C2)c1CC(=O)N1CCC[C@H](C(N)=O)C1,6.3262,False,False,True,True,False,33.3624,92.5926,30.8911
A71EV2A-x5808b,x5808a_x5808b,CSc1ncnc(N2CC(c3nncn3C)C2)c1CC(=O)N1CCC[C@H](C(N)=O)C1,6.3262,False,False,True,True,False,33.8242,96.1538,32.5233
A71EV2A-x5819a,x5819a_x5819b,CSc1ccc(Br)cc1OC(=O)N1C[C@H](C(N)=O)CC[C@@H]1C,4.7579,False,False,True,True,False,45.0214,92.0,41.4197
A71EV2A-x5819b,x5819a_x5819b,CSc1ccc(Br)cc1OC(=O)N1C[C@H](C(N)=O)CC[C@@H]1C,4.7579,False,False,True,True,False,45.0378,92.0,41.4348
A71EV2A-x5824a,x5824a_x5824b,NC(=O)[C@H]1CCN(C(=O)Cn2c(=O)sc3ccc(Cl)cc32)C1,4.0017,False,False,True,True,False,48.9528,92.0,45.0366
A71EV2A-x5824b,x5824a_x5824b,NC(=O)[C@H]1CCN(C(=O)Cn2c(=O)sc3ccc(Cl)cc32)C1,4.0017,False,False,True,True,False,44.8349,95.8333,42.9668
A71EV2A-x5830a,x5830a,CSc1ccc(Br)cc1OC(=O)N1C[C@@H](C(N)=O)C[C@@H]2C[C@@H]21,6.135,False,False,True,True,False,42.5294,92.0,39.127
A71EV2A-x5833a,x5833a,CSc1ccc(-n2ccnc2)cc1CC(=O)N1CCC[C@H](C(N)=O)C1,5.8167,False,False,True,True,False,40.2012,88.0,35.377
A71EV2A-x5836a,x5836a,CSc1ccc(-c2cn[nH]c2)cc1CC(=O)N1C[C@@H](C([NH3+])=O)C[C@@H]2C[C@@H]21,6.4383,False,False,True,True,False,42.8104,88.8889,38.0537
A71EV2A-x5850a,x5850a,CSc1cccc2c1[C@@H](C(=O)N1CCC[C@H](C(N)=O)C1)CCC2,4.9132,False,False,True,True,False,42.5227,92.0,39.1209
A71EV2A-x5854a,x5854a_x6877a,CSc1ccc2ncccc2c1NC(=O)N1C[C@@H](C(N)=O)C[C@@H]2C[C@@H]21,6.1556,False,False,True,True,False,42.1776,92.3077,38.9332
A71EV2A-x5857a,x5857a,CSc1cccc(-c2ccc(C(F)(F)F)o2)c1CC(=O)N1CCC[C@H](C(N)=O)C1,5.7858,False,False,True,True,False,39.4226,91.6667,36.1374
A71EV2A-x5864a,x5864a,CSc1ccc(-c2csc(C(F)F)c2)cc1CC(=O)N1CCC[C@H](C(N)=O)C1,6.1046,False,False,True,True,False,41.2378,88.4615,36.4796
A71EV2A-x5868a,x5868a,CC(C)[C@@H](c1cc(Cl)cc(Br)c1)N1C[C@@H](C(N)=O)CCC1=O,4.5644,False,False,True,True,False,43.8317,92.5926,40.5849
A71EV2A-x5877a,x5877a,COc1ncc(-c2ccc(SC)c(CC(=O)N3CCC[C@H](C(N)=O)C3)c2)cc1C#N,5.6129,False,False,True,True,False,37.4107,88.0,32.9214
A71EV2A-x5879a,x5879a_x5879b,CSc1ccc(-c2cc(C)c(=O)n(C)c2)cc1CC(=O)N1CCC[C@H](C(N)=O)C1,6.031,False,False,True,True,False,38.3361,88.4615,33.9127
A71EV2A-x5879b,x5879a_x5879b,CSc1ccc(-c2cc(C)c(=O)n(C)c2)cc1CC(=O)N1CCC[C@H](C(N)=O)C1,6.031,False,False,True,True,False,37.6051,92.3077,34.7124
A71EV2A-x5884a,x5884a,CSc1cccc(-c2ccc(C(F)(F)F)cc2C#N)c1CC(=O)N1CCC[C@H](C(N)=O)C1,5.6569,False,False,True,True,False,37.394,92.3077,34.5176
A71EV2A-x5891a,x5891a,CSc1ccc(Br)cc1[C@@H](NC(=O)OC(C)(C)C)C(=O)N1CC[C@H](C(N)=O)C1,4.6163,False,False,True,True,False,32.9917,88.4615,29.1849
A71EV2A-x5992a,x5992a_x5992b,CSc1ccccc1CC(=O)N1C[C@@H](C(N)=O)CC[C@@H]1CO,4.5997,False,False,True,True,False,41.7113,92.3077,38.5027
A71EV2A-x5992b,x5992a_x5992b,CSc1ccccc1CC(=O)N1C[C@@H](C(N)=O)CC[C@@H]1CO,4.5997,False,False,True,True,False,37.8121,96.1538,36.3578
A71EV2A-x5995a,x5995a_x5995b,CSc1cccc2c1[C@H](C(=O)N1CCC[C@H](C(N)=O)C1)CCC2,4.9132,False,False,True,True,False,40.2959,91.6667,36.9379
A71EV2A-x5995b,x5995a_x5995b,CSc1cccc2c1[C@H](C(=O)N1CCC[C@H](C(N)=O)C1)CCC2,4.9132,False,False,True,True,False,40.5043,92.0,37.264
A71EV2A-x6021a,x6021a,CNc1ncnc(SC)c1CC(=O)N1CCC[C@H](C(N)=O)C1,5.472,False,False,True,True,False,42.7886,92.3077,39.4971
A71EV2A-x6025a,x6025a,CSc1ccc(-c2cccc3cnn(C)c23)cc1CC(=O)N1CCC[C@H](C(N)=O)C1,4.8525,False,False,True,True,False,40.4346,88.4615,35.769
A71EV2A-x6027a,x6027a,C=C(C)c1cccc(SC)c1CC(=O)N1CCC[C@H](C(N)=O)C1,5.4359,False,False,True,True,False,44.4934,92.0,40.9339
A71EV2A-x6028a,x6028a,CSc1cccc(-c2cn(C)c(=O)c3ccccc23)c1CC(=O)N1CCC[C@H](C(N)=O)C1,6.0863,False,False,True,True,False,34.8176,77.7778,27.0803
A71EV2A-x6032a,x6032a,CSc1ccc(-c2cncc(C)c2C)cc1CC(=O)N1CCC[C@H](C(N)=O)C1,5.402,False,False,True,True,False,43.1241,88.4615,38.1483
A71EV2A-x6035a,x6035a,CSc1ccc(-c2cncc3ccccc23)cc1CC(=O)N1CCC[C@H](C(N)=O)C1,5.4841,False,False,True,True,False,44.2734,88.0,38.9606
A71EV2A-x6714a,x6714a,NC(=O)[C@H]1CCC(=O)N(c2cc3cnccc3c(F)c2F)C1,4.8017,False,False,True,True,False,52.1209,91.6667,47.7775
A71EV2A-x6726a,x6726a,CSc1ccccc1[C@H](NC(=O)CC1CC1)C(=O)N1CC[C@H](C(N)=O)C1,4.2873,False,False,True,True,False,39.1487,92.5926,36.2488
A71EV2A-x6730a,x6730a,Cc1sc([C@H](C)N2C[C@@H](C(N)=O)CCC2=O)nc1-c1ccco1,4.6043,False,False,True,True,False,39.424,92.3077,36.3914
A71EV2A-x6736a,x6736a,COc1ncccc1-c1ccc(SC)c(CC(=O)N2CCC[C@H](C(N)=O)C2)c1,5.9263,False,False,True,True,False,40.032,88.8889,35.584
A71EV2A-x6738a,x6738a,CCC1(CC)CCN(c2ncnc(SC)c2CC(=O)N2CCC[C@H](C(N)=O)C2)C1,6.266,False,False,True,True,False,37.2982,92.5926,34.5353
A71EV2A-x6739a,x6739a,CSc1ccc(C(=O)N2Cc3nccc(C)c3C2)cc1CC(=O)N1CCC[C@H](C(N)=O)C1,5.7321,False,False,True,True,False,29.6691,85.7143,25.4306
A71EV2A-x6746a,x6746a,CSc1ccc(-c2ccncc2)cc1NC(=O)N1C[C@@H](C(N)=O)C[C@@H]2C[C@@H]21,5.742,False,False,True,True,False,45.0965,88.4615,39.893
A71EV2A-x6769a,x6769a,CSc1ccc(-c2cc(C#N)ncc2F)cc1CC(=O)N1CCC[C@H](C(N)=O)C1,5.6827,False,False,True,True,False,38.7558,88.0,34.1051
A71EV2A-x6778a,x6778a,CSc1ccc(-c2cccnc2C(C)C)cc1CC(=O)N1CCC[C@H](C(N)=O)C1,5.633,False,False,True,True,False,41.0691,88.4615,36.3303
A71EV2A-x6791a,x6791a,CSc1ccc(-c2ccnc(N(C)C)c2)cc1CC(=O)N1CCC[C@H](C(N)=O)C1,6.2127,False,False,True,True,False,37.466,88.8889,33.3031
A71EV2A-x6794a,x6794a,CSc1cccc(-c2sccc2C2CC2)c1CC(=O)N1CCC[C@H](C(N)=O)C1,5.5086,False,False,True,False,False,37.124,92.3077,34.2683
A71EV2A-x6802a,x6802a,CSc1ncnc(N2CCN(c3ccccn3)CC2)c1CC(=O)N1CCC[C@H](C(N)=O)C1,6.4862,False,False,True,True,False,33.4203,92.3077,30.8495
A71EV2A-x6808a,x6808a,CSc1ncnc(N2Cc3ccccc3C2)c1CC(=O)N1CCC[C@H](C(N)=O)C1,6.0069,False,False,True,True,False,42.5395,92.3077,39.2673
A71EV2A-x6816a,x6816a_x6816b,CSc1ccccc1[C@@H](NC(=O)Cn1cccn1)C(=O)N1CC[C@H](C(N)=O)C1,4.7305,False,False,True,True,False,31.8125,92.3077,29.3653
A71EV2A-x6816b,x6816a_x6816b,CSc1ccccc1[C@@H](NC(=O)Cn1cccn1)C(=O)N1CC[C@H](C(N)=O)C1,4.7305,False,False,True,True,False,35.7617,96.0,34.3312
A71EV2A-x6818a,x6818a,CSc1ccccc1[C@@H](NC(=O)CC(F)(F)F)C(=O)N1CC[C@H](C(N)=O)C1,4.1569,False,False,True,True,False,34.5456,92.3077,31.8883
A71EV2A-x6819a,x6819a,CSc1ccccc1[C@@H](NC(=O)Cc1ccccc1)C(=O)N1CC[C@H](C(N)=O)C1,4.5053,False,False,True,True,False,39.3594,89.2857,35.1423
A71EV2A-x6821a,x6821a,CSc1ccccc1[C@@H](NC(=O)CNC(C)=O)C(=O)N1CC[C@H](C(N)=O)C1,5.1996,False,False,True,True,False,30.9776,89.2857,27.6586
A71EV2A-x6827a,x6827a,CSc1ccc(C2=CC[NH2+]CC2)cc1CC(=O)N1CCC[C@H](C(N)=O)C1,6.3598,False,False,True,True,False,37.5896,88.4615,33.2523
A71EV2A-x6832a,x6832a,CSc1ncnc(N2CCC[C@@H]2C(N)=O)c1CC(=O)N1CCC[C@H](C(N)=O)C1,7.7144,False,False,True,True,False,40.5085,92.3077,37.3924
A71EV2A-x6838a,x6838a,CSc1ncnc(N2CCCC2)c1CC(=O)N1C[C@@H](C([NH3+])=O)C[C@@H]2C[C@@H]21,6.5697,False,False,True,True,False,40.7036,92.5926,37.6885
A71EV2A-x6844a,x6844a,CCOC(=O)N[C@H](C(=O)N1CC[C@H](C(N)=O)C1)c1ccccc1SC,4.6063,False,False,True,True,False,43.2234,84.0,36.3077
A71EV2A-x6847a,x6847a,CSc1ccccc1[C@@H](NC(=O)OC(C)(C)C)C(=O)N1CC[C@H](C(N)=O)C1,4.6216,False,False,True,True,False,34.0873,88.4615,30.1542
A71EV2A-x6851a,x6851a,CSc1ccccc1[C@H](NC(=O)OC(C)(C)C)C(=O)N1CC[C@H](C(N)=O)C1,4.6216,False,False,True,True,False,44.4962,80.7692,35.9392
A71EV2A-x6853a,x6853a,CCC(=O)N[C@@H](C(=O)N1CC[C@H](C(N)=O)C1)c1ccccc1SC,4.5565,False,False,True,True,False,35.3739,89.2857,31.5838
A71EV2A-x6856a,x6856a,CSc1ccccc1[C@@H](NC(=O)Cc1cccnc1)C(=O)N1CC[C@H](C(N)=O)C1,4.6078,False,False,True,True,False,30.828,92.5926,28.5444
A71EV2A-x6877a,x5854a_x6877a,CSc1ccc2ncccc2c1NC(=O)N1C[C@@H](C(N)=O)C[C@@H]2C[C@@H]21,5.6695,False,False,True,True,False,42.2151,92.0,38.8379
A71EV2A-x6895a,x6895a,CSc1ncnc(N2CC(CC3CCC3)C2)c1CC(=O)N1CCC[C@H](C(N)=O)C1,5.6927,False,False,True,True,False,43.2128,76.9231,33.2406
A71EV2A-x6914a,x6914a,CSc1ncnc(N(C)Cc2nn(C)cc2Cl)c1CC(=O)N1CCC[C@H](C(N)=O)C1,7.1505,False,False,True,True,False,35.7345,92.5926,33.0875
A71EV2A-x6920a,x6920a,CSc1ncnc(N2CC(C)C2)c1CC(=O)N1CCC[C@H](C(N)=O)C1,6.5269,False,False,True,True,False,36.2956,92.0,33.392
A71EV2A-x6925a,x6925a,CSc1ccc(-c2cnnn2C)cc1CC(=O)N1CCC[C@H](C(N)=O)C1,5.4379,False,False,True,True,False,40.0234,88.0,35.2206
A71EV2A-x6932a,x6932a,CSc1ccc(Br)cc1OC(=O)N1C[C@H](C(N)=O)C[C@H]2C[C@H]21,6.4428,False,False,True,True,False,40.569,92.0,37.3235
A71EV2A-x6934a,x6934a,CSc1ccccc1[C@@H](NC(=O)C1CC1)C(=O)N1CC[C@H](C(N)=O)C1,4.612,False,False,True,True,False,34.7922,92.3077,32.1158
A71EV2A-x6938a,x6938a,CSc1cccc(C2=CCCCC2)c1CC(=O)N1CCC[C@H](C(N)=O)C1,5.3585,False,False,True,True,False,38.1952,92.3077,35.2571
A71EV2A-x6945a,x6945a,CCn1nccc1C(=O)N[C@@H](C(=O)N1CC[C@H](C(N)=O)C1)c1ccccc1SC,4.1977,False,False,True,True,False,32.8594,80.0,26.2875
A71EV2A-x6948a,x6948a_x6948b,CSc1ccc(-c2cncc(S(C)(=O)=O)c2)cc1CC(=O)N1CCC[C@H](C(N)=O)C1,5.6878,False,False,True,True,False,35.96,88.4615,31.8108
A71EV2A-x6948b,x6948a_x6948b,CSc1ccc(-c2cncc(S(C)(=O)=O)c2)cc1CC(=O)N1CCC[C@H](C(N)=O)C1,5.6878,False,False,True,True,False,36.4693,88.4615,32.2613
A71EV2A-x6955a,x6955a_x6955b,CSc1cccc(-c2cc(C(F)(F)F)nn2C)c1CC(=O)N1CCC[C@H](C(N)=O)C1,5.1507,False,False,True,True,False,36.9853,92.0,34.0265
A71EV2A-x6955b,x6955a_x6955b,CSc1cccc(-c2cc(C(F)(F)F)nn2C)c1CC(=O)N1CCC[C@H](C(N)=O)C1,5.1507,False,False,True,True,False,35.9481,96.1538,34.5655
A71EV2A-x6980a,x6980a,CSc1ccc2ncccc2c1NC(=O)N1C[C@@H](C(N)=O)C[C@H]2C[C@H]21,5.6695,False,False,True,True,False,42.4377,92.3077,39.1733
A71EV2A-x6991a,x6991a,CSc1ccccc1[C@@H](NC(=O)C1(C)CCC1)C(=O)N1CC[C@H](C(N)=O)C1,4.6109,False,False,True,True,False,34.7629,88.8889,30.9004
A71EV2A-x7021a,x7021a,CSc1ccc(C2=CCOCC2)cc1OC(=O)N1C[C@@H](C(N)=O)C[C@@H]2C[C@@H]21,6.2782,False,False,True,True,False,42.9782,88.4615,38.0192
A71EV2A-x7002a,x7002a,CSc1ccc(-c2cnco2)cc1OC(=O)N1C[C@H](C(N)=O)C[C@H]2C[C@H]21,6.623,False,False,True,True,False,44.8068,85.7143,38.4059
A71EV2A-x7008a,x7008a,CSc1ncnc(N2CCC(N(C)S(C)(=O)=O)CC2)c1CC(=O)N1CCC[C@H](C(N)=O)C1,6.5122,False,False,True,True,False,31.8357,92.3077,29.3868
A71EV2A-x7011a,x7011a,CC[C@H]1CCCN1c1ncnc(SC)c1CC(=O)N1CCC[C@H](C(N)=O)C1,7.3026,False,False,True,True,False,36.6061,92.3077,33.7902
A71EV2A-x7015a,x7015a,CSc1ncnc(N2CCc3ccccc3CC2)c1CC(=O)N1CCC[C@H](C(N)=O)C1,6.483,False,False,True,True,False,35.9192,92.5926,33.2585
A71EV2A-x7018a,x7018a,COC(=O)N1CCCN(c2ncnc(SC)c2CC(=O)N2CCC[C@H](C(N)=O)C2)CC1,5.7455,False,False,True,True,False,32.6415,92.3077,30.1306
A71EV2A-x7024a,x7024a,CSc1ncnc(N2CCC3(CCCC3)C2)c1CC(=O)N1CCC[C@H](C(N)=O)C1,6.4622,False,False,True,True,False,43.1507,80.0,34.5206
A71EV2A-x7025a,x7025a,CSc1ncnc(N2CC[C@@H](OC(F)F)C2)c1CC(=O)N1CCC[C@H](C(N)=O)C1,6.0481,False,False,True,True,False,34.9845,92.3077,32.2934
A71EV2A-x7026a,x7026a_x7026b,CSc1ncnc(N2CC[C@H](C)C2)c1CC(=O)N1CCC[C@H](C(N)=O)C1,6.2935,False,False,True,True,False,34.9921,92.0,32.1927
A71EV2A-x7026b,x7026a_x7026b,CSc1ncnc(N2CC[C@H](C)C2)c1CC(=O)N1CCC[C@H](C(N)=O)C1,6.2935,False,False,True,True,False,35.5663,92.0,32.721
A71EV2A-x7031a,x7031a,CSc1ncnc(N2CC[C@H](OC(F)F)C2)c1CC(=O)N1CCC[C@H](C(N)=O)C1,6.9258,False,False,True,True,False,34.6722,92.3077,32.0051
A71EV2A-x7032a,x7032a,CSc1ccc(-c2cccnc2)cc1OC(=O)N1C[C@@H](C(N)=O)C[C@H]2C[C@H]21,6.0254,False,False,True,True,False,45.935,88.8889,40.8311
A71EV2A-x7035a,x7035a,CSc1ccccc1[C@@H](NC(=O)C(C)C)C(=O)N1CC[C@H](C(N)=O)C1,4.6166,False,False,True,True,False,34.6723,92.5926,32.104
A71EV2A-x7038a,x7038a,CSc1ccccc1[C@H](C(=O)N1CC[C@H](C(N)=O)C1)N1CCCC1=O,7.1943,False,False,True,True,False,33.8708,92.3077,31.2654
A71EV2A-x7043a,x7043a_x7043b,CSc1ncnc(N2CCn3nc4c(c3C2)CCC4)c1CC(=O)N1CCC[C@H](C(N)=O)C1,5.6019,False,False,True,True,False,36.0843,92.0,33.1976
A71EV2A-x7043b,x7043a_x7043b,CSc1ncnc(N2CCn3nc4c(c3C2)CCC4)c1CC(=O)N1CCC[C@H](C(N)=O)C1,5.6019,False,False,True,True,False,37.4965,91.6667,34.3718
A71EV2A-x7044a,x7044a,CSc1ccc(-c2ccnn2C2CCC2)cc1OC(=O)N1C[C@H](C(N)=O)C[C@H]2C[C@H]21,6.6438,False,False,True,True,False,39.2586,89.2857,35.0524
A71EV2A-x7046a,x7046a,CSc1ccc(C2=CC[N@@H+](C)CC2)cc1OC(=O)N1C[C@@H](C(N)=O)C[C@H]2C[C@H]21,6.4554,False,False,True,True,False,40.1792,92.3077,37.0885
A71EV2A-x7056a,x7056a,CSc1ncnc(N2CCC3(CCC3)C2)c1CC(=O)N1CCC[C@H](C(N)=O)C1,6.1312,False,False,True,True,False,37.8188,92.3077,34.9097
A71EV2A-x7070a,x7070a,CSc1ccc(-c2cccnc2)cc1OC(=O)N1C[C@@H](C(N)=O)C[C@@H]2C[C@@H]21,6.615,False,False,True,True,False,45.2787,88.8889,40.2477
A71EV2A-x7093a,x7093a,CSc1ncnc(N2CC[C@@H](SC)C2)c1CC(=O)N1CCC[C@H](C(N)=O)C1,6.9071,False,False,True,True,False,33.1783,96.1538,31.9022
A71EV2A-x7095a,x7095a,CSc1ncnc(N2CC(Oc3ccccc3Cl)C2)c1CC(=O)N1CCC[C@H](C(N)=O)C1,6.0787,False,False,True,True,False,41.7459,80.0,33.3967
A71EV2A-x7096a,x7096a,CSc1ncnc(N2CCC(C(=O)N(C(C)C)C(C)C)CC2)c1CC(=O)N1CCC[C@H](C(N)=O)C1,6.2253,False,False,True,True,False,29.7878,92.3077,27.4964
A71EV2A-x7101a,x7101a,CSc1ncnc(N2CCC3(CCCCC3)C2)c1CC(=O)N1CCC[C@H](C(N)=O)C1,6.3886,False,False,True,True,False,35.6063,92.3077,32.8673
A71EV2A-x7127a,x7127a,CSc1ncnc(N2CCC[C@@H]2Cn2cccn2)c1CC(=O)N1CCC[C@H](C(N)=O)C1,6.1893,False,False,True,True,False,40.0679,92.3077,36.9858
A71EV2A-x7130a,x7130a,CSc1ncnc(N2CCn3ncc(C#N)c3C2)c1CC(=O)N1CCC[C@H](C(N)=O)C1,6.1311,False,False,True,True,False,38.3945,92.0,35.323
A71EV2A-x7132a,x7132a,CSc1ncnc(N2CCC[C@@H]2Cc2ccnn2C)c1CC(=O)N1CCC[C@H](C(N)=O)C1,7.3594,False,False,True,True,False,38.1587,92.3077,35.2235
A71EV2A-x7135a,x7135a,CSc1ncnc(N2CCC[C@@H]2C(C)C)c1CC(=O)N1CCC[C@H](C(N)=O)C1,7.7602,False,False,True,True,False,37.3312,92.3077,34.4596
A71EV2A-x7147a,x7147a,CSc1ncnc(N2CCC[C@@H]2CC(C)C)c1CC(=O)N1CCC[C@H](C(N)=O)C1,7.1999,False,False,True,True,False,37.4292,92.3077,34.55
A71EV2A-x7151a,x7151a,CSc1ncnc(N2CCc3cnc(C(C)C)nc3C2)c1CC(=O)N1CCC[C@H](C(N)=O)C1,5.9127,False,False,True,True,False,30.2504,92.3077,27.9234
A71EV2A-x7154a,x7154a,CSc1ncnc(N2CCC(N3CCOC3=O)CC2)c1CC(=O)N1CCC[C@H](C(N)=O)C1,5.9235,False,False,True,True,False,33.1294,92.3077,30.581
A71EV2A-x7161a,x7161a,COC[C@@H]1CCCN1c1ncnc(SC)c1CC(=O)N1CCC[C@H](C(N)=O)C1,5.029,False,False,True,True,False,35.9276,92.3077,33.1639
A71EV2A-x7167a,x7167a_x7167b,CSc1ccc(-c2ccnn2C(C)(C)C)cc1OC(=O)N1CCC[C@H](C(N)=O)C1,4.9121,False,False,True,True,False,38.9332,92.0,35.8185
A71EV2A-x7167b,x7167a_x7167b,CSc1ccc(-c2ccnn2C(C)(C)C)cc1OC(=O)N1CCC[C@H](C(N)=O)C1,4.9121,False,False,True,True,False,39.3747,92.3077,36.3459
A71EV2A-x7169a,x7169a,CCC1(CC)CN(c2ncnc(SC)c2CC(=O)N2CCC[C@H](C(N)=O)C2)CCS1(=O)=O,6.0704,False,False,True,True,False,30.7296,92.5926,28.4533
A71EV2A-x7170a,x7170a,CSc1ncnc(N2CCC(C#N)(CC(C)C)CC2)c1CC(=O)N1CCC[C@H](C(N)=O)C1,6.2651,False,False,True,True,False,34.9324,92.3077,32.2453
A71EV2A-x7172a,x7172a,CSc1ncnc(N(C)C2CCC2)c1CC(=O)N1CCC[C@H](C(N)=O)C1,6.3234,False,False,True,True,False,36.2623,92.0,33.3613
A71EV2A-x7175a,x7175a,COC[C@H]1CCCN1c1ncnc(SC)c1CC(=O)N1CCC[C@H](C(N)=O)C1,7.1973,False,False,True,True,False,35.9478,92.0,33.0719
A71EV2A-x7176a,x7176a,CSc1ncnc(N(C)Cc2cc(F)c(F)c(F)c2)c1CC(=O)N1CCC[C@H](C(N)=O)C1,6.245,False,False,True,True,False,37.8071,92.0,34.7825
A71EV2A-x7184a,x7184a,CSc1ccc(-c2ccncc2)cc1OC(=O)N1C[C@H](C(N)=O)C[C@H]2C[C@H]21,6.0584,False,False,True,True,False,45.6663,85.7143,39.1426
A71EV2A-x7190a,x7190a,CSc1ncnc(N2CC[C@H](C(=O)N3CCC(C)CC3)C2)c1CC(=O)N1CCC[C@H](C(N)=O)C1,6.0817,False,False,True,True,False,33.7185,92.3077,31.1247
A71EV2A-x7238a,x7238a,CO[C@@H]1CCCN(c2ncnc(SC)c2CC(=O)N2CCC[C@H](C(N)=O)C2)C1,6.1701,False,False,True,True,False,33.8484,92.3077,31.2446
A71EV2A-x7246a,x7246a,CSc1ncnc(N2CCC[C@H](C(F)(F)F)C2)c1CC(=O)N1CCC[C@H](C(N)=O)C1,6.2111,False,False,True,True,False,36.5958,92.0,33.6681
A71EV2A-x7247a,x7247a,CSc1ncnc(N2CCC[C@H]2Cc2ccnn2C)c1CC(=O)N1CCC[C@H](C(N)=O)C1,5.214,False,False,True,True,False,31.8361,88.4615,28.1627
A71EV2A-x7250a,x7250a,CSc1ncnc(N2CCC[C@H](C)C2)c1CC(=O)N1CCC[C@H](C(N)=O)C1,6.1739,False,False,True,True,False,43.5289,73.0769,31.8096
A71EV2A-x7251a,x7251a,CSc1ncnc(N(C)CC(C)(C)O)c1CC(=O)N1CCC[C@H](C(N)=O)C1,6.1347,False,False,True,True,False,36.3027,92.0,33.3985
A71EV2A-x7254a,x7254a,CSc1ncnc(N(C)CC2CCCC2)c1CC(=O)N1CCC[C@H](C(N)=O)C1,6.3047,False,False,True,True,False,38.6032,92.0,35.515
A71EV2A-x7256a,x7256a,CSc1ccc(-c2ccncc2)cc1CC(=O)N1C[C@@H](C(N)=O)C[C@@H]2C[C@@H]21,6.7438,False,False,True,True,False,43.6213,88.8889,38.7745
A71EV2A-x7257a,x7257a,CSc1ncnc(N2CCC[C@H]2CC(C)C)c1CC(=O)N1CCC[C@H](C(N)=O)C1,5.8238,False,False,True,True,False,31.884,92.5926,29.5222
A71EV2A-x7259a,x7259a,CSc1ncnc(N2CCC[C@@H]2C2CC2)c1CC(=O)N1CCC[C@H](C(N)=O)C1,7.938,False,False,True,True,False,37.4535,92.3077,34.5725
A71EV2A-x7260a,x7260a,CSc1ccc(-c2cc(C)nn2C)cc1OC(=O)N1CCC[C@H](C(N)=O)C1,5.4369,False,False,True,True,False,40.1429,88.4615,35.511
A71EV2A-x7261a,x7261a,CSc1ccc(-c2ccc(N3CCN(C)CC3)nc2)cc1OC(=O)N1CCC[C@H](C(N)=O)C1,6.6463,False,False,True,True,False,34.0453,88.4615,30.117
A71EV2A-x7263a,x7263a,CSc1ncnc(N2CC(C)(c3ccccc3F)C2)c1CC(=O)N1CCC[C@H](C(N)=O)C1,6.4392,False,False,True,True,False,42.6542,92.3077,39.3731
A71EV2A-x7284a,x7284a,CSc1ncnc(N2CCC3(CCCO3)CC2)c1CC(=O)N1CCC[C@H](C(N)=O)C1,6.4667,False,False,True,True,False,34.5924,92.3077,31.9315
A71EV2A-x7287a,x7287a,CSc1ccc(-c2ocnc2C)cc1OC(=O)N1C[C@@H](C(N)=O)C[C@@H]2C[C@@H]21,5.9643,False,False,True,True,False,44.4985,88.8889,39.5542
A71EV2A-x7297a,x7297a,CNC(=O)[C@@H]1CCN1c1ncnc(SC)c1CC(=O)N1CCC[C@H](C(N)=O)C1,5.5531,False,False,True,True,False,34.8212,92.5926,32.2418
A71EV2A-x7301a,x7301a_x7301b,CSc1ccc(-c2cccnc2N)cc1OC(=O)N1CCC[C@H](C(N)=O)C1,6.4678,False,False,True,True,False,41.9489,92.0,38.593
A71EV2A-x7301b,x7301a_x7301b,CSc1ccc(-c2cccnc2N)cc1OC(=O)N1CCC[C@H](C(N)=O)C1,6.4678,False,False,True,True,False,41.8364,92.0,38.4895
A71EV2A-x7307a,x7307a,CSc1ccc(C(=O)N(C)C2CCC(C)(C)CC2)cc1CC(=O)N1CCC[C@H](C(N)=O)C1,4.8542,False,False,True,True,False,34.6907,76.9231,26.6852
A71EV2A-x7309a,x7309a,CSc1ncnc(N2CCC[C@@H]2C(=O)N(C)C)c1CC(=O)N1CCC[C@H](C(N)=O)C1,6.6677,False,False,True,True,False,34.7855,92.3077,32.1097
A71EV2A-x7316a,x7316a,CSc1ncnc(N2CC[C@H](OC3CC3)C2)c1CC(=O)N1CCC[C@H](C(N)=O)C1,7.1595,False,False,True,True,False,35.0411,92.3077,32.3457
A71EV2A-x7317a,x7317a_x7317b_x7372a,CSc1ncnc(N2C[C@H]3C[C@H]3C2)c1CC(=O)N1CCC[C@H](C(N)=O)C1,6.5585,False,False,True,True,False,34.584,92.3077,31.9237
A71EV2A-x7317b,x7317a_x7317b_x7372a,CSc1ncnc(N2C[C@H]3C[C@H]3C2)c1CC(=O)N1CCC[C@H](C(N)=O)C1,6.5585,False,False,True,True,False,39.5856,92.3077,36.5405
A71EV2A-x7318a,x7318a,CSc1ccc(C(=O)N2CC=CCC23CCC3)cc1CC(=O)N1CCC[C@H](C(N)=O)C1,5.7273,False,False,True,True,False,35.2489,92.0,32.4289
A71EV2A-x7321a,x7321a,CC[C@H]1CS[C@H](C(N)=O)CN1C(=O)Oc1cc(Br)ccc1SC,4.1702,False,False,True,True,False,41.2326,92.5926,38.1783
A71EV2A-x7323a,x7323a,CSc1ccc(-c2cn[nH]c2)cc1OC(=O)N1C[C@@H](C(N)=O)C[C@@H]2C[C@@H]21,6.7751,False,False,True,True,False,44.9055,88.8889,39.916
A71EV2A-x7333a,x7333a,CSc1ncnc(N(C)CC(C)(F)F)c1CC(=O)N1CCC[C@H](C(N)=O)C1,6.9943,False,False,True,True,False,43.3153,92.0,39.85
A71EV2A-x7334a,x7334a_x7334b_x7389a,CSc1ncnc(N2CC(O)C2)c1CC(=O)N1CCC[C@H](C(N)=O)C1,6.4262,False,False,True,True,False,44.198,92.0,40.6622
A71EV2A-x7334b,x7334a_x7334b_x7389a,CSc1ncnc(N2CC(O)C2)c1CC(=O)N1CCC[C@H](C(N)=O)C1,6.4262,False,False,True,True,False,36.2655,92.3077,33.4758
A71EV2A-x7338a,x7338a,CSc1ncnc(N(C)CCC(F)(F)F)c1CC(=O)N1CCC[C@H](C(N)=O)C1,5.7488,False,False,True,True,False,36.8005,92.0,33.8564
A71EV2A-x7339a,x7339a,CSc1ncnc(N2CC[C@H]2C)c1CC(=O)N1CCC[C@H](C(N)=O)C1,6.6955,False,False,True,True,False,39.3593,92.0,36.2106
A71EV2A-x7350a,x7350a_x7350b,CSc1ccc(-c2ccccn2)cc1OC(=O)N1C[C@H](C(N)=O)C[C@H]2C[C@H]21,6.7702,False,False,True,True,False,44.2339,88.8889,39.319
A71EV2A-x7350b,x7350a_x7350b,CSc1ccc(-c2ccccn2)cc1OC(=O)N1C[C@H](C(N)=O)C[C@H]2C[C@H]21,6.7702,False,False,True,True,False,44.3921,88.8889,39.4597
A71EV2A-x7353a,x7353a_x7353b,COC[C@@H]1CCN1c1ncnc(SC)c1CC(=O)N1CCC[C@H](C(N)=O)C1,5.358,False,False,True,True,False,35.0988,92.0,32.2909
A71EV2A-x7353b,x7353a_x7353b,COC[C@@H]1CCN1c1ncnc(SC)c1CC(=O)N1CCC[C@H](C(N)=O)C1,5.358,False,False,True,True,False,39.6612,92.3077,36.6104
A71EV2A-x7359a,x7359a,CSc1ccc(Br)cc1CC(=O)N1C[C@@H](C(N)=O)[C@@H]2C[C@@H]21,4.5901,False,False,True,True,False,43.4133,92.3077,40.0738
A71EV2A-x7368a,x7368a,CSc1ccc(C2=CC[N@@H+](C)CC2)cc1OC(=O)N1C[C@@H](C(N)=O)C[C@@H]2C[C@@H]21,6.6168,False,False,True,True,False,39.7183,88.8889,35.3051
A71EV2A-x7369a,x7369a_x7369b,CSc1ccc(C2=CC[N@@H+](C)CC2)cc1CC(=O)N1C[C@@H](C(N)=O)C[C@@H]2C[C@@H]21,6.218,False,False,True,True,False,39.7108,88.8889,35.2985
A71EV2A-x7369b,x7369a_x7369b,CSc1ccc(C2=CC[N@@H+](C)CC2)cc1CC(=O)N1C[C@@H](C(N)=O)C[C@@H]2C[C@@H]21,6.218,False,False,True,True,False,39.1963,88.8889,34.8412
A71EV2A-x7372a,x7317a_x7317b_x7372a,CSc1ncnc(N2C[C@H]3C[C@H]3C2)c1CC(=O)N1CCC[C@H](C(N)=O)C1,6.5585,False,False,True,True,False,37.3897,92.3077,34.5136
A71EV2A-x7379a,x7379a,CSc1ccc(-c2cn[nH]c2)cc1OC(=O)N1C[C@@H](C(N)=O)C[C@H]2C[C@H]21,5.6262,False,False,True,True,False,45.8877,88.8889,40.7891
A71EV2A-x7389a,x7334a_x7334b_x7389a,CSc1ncnc(N2CC(O)C2)c1CC(=O)N1CCC[C@H](C(N)=O)C1,6.4262,False,False,True,True,False,36.2107,92.3077,33.4252
A71EV2A-x7410a,x7410a,CSc1ccc(-c2cnn[nH]2)cc1OC(=O)N1C[C@@H](C(N)=O)C[C@@H]2C[C@@H]21,6.8211,False,False,True,True,False,43.4574,88.8889,38.6288
A71EV2A-x7420a,x7420a,CSc1ncnc(N2CCCC[C@@H]2C(C)C)c1CC(=O)N1CCC[C@H](C(N)=O)C1,6.3722,False,False,True,True,False,35.8576,92.0,32.989
A71EV2A-x7424a,x7424a,CSc1ncnc(N(C)C2CCOCC2)c1CC(=O)N1CCC[C@H](C(N)=O)C1,5.7864,False,False,True,True,False,35.543,92.0,32.6995
A71EV2A-x7427a,x7427a,CSc1ncnc(N2CC[C@H](C(=O)N(C)C)C2)c1CC(=O)N1CCC[C@H](C(N)=O)C1,5.9744,False,False,True,True,False,35.2517,92.3077,32.54
A71EV2A-x7430a,x7430a,CSc1ncnc(N2CCCC[C@H]2CO)c1CC(=O)N1CCC[C@H](C(N)=O)C1,5.8673,False,False,True,True,False,36.6703,92.3077,33.8495
A71EV2A-x7432a,x7432a,CCN(c1ncnc(SC)c1CC(=O)N1CCC[C@H](C(N)=O)C1)C(C)C,5.9414,False,False,True,True,False,39.9352,92.3077,36.8633
A71EV2A-x7433a,x7433a,CSc1ncnc(N2CCC[C@H]2Cc2ccccc2)c1CC(=O)N1CCC[C@H](C(N)=O)C1,5.1382,False,False,True,True,False,33.1009,88.8889,29.4231
A71EV2A-x7436a,x7436a_x7436b,CSc1ncnc(N(C)[C@@H](C)c2ccccc2)c1CC(=O)N1CCC[C@H](C(N)=O)C1,6.5807,False,False,True,True,False,41.5372,92.0,38.2142
A71EV2A-x7436b,x7436a_x7436b,CSc1ncnc(N(C)[C@@H](C)c2ccccc2)c1CC(=O)N1CCC[C@H](C(N)=O)C1,6.5807,False,False,True,True,False,32.9981,92.5926,30.5538
A71EV2A-x7442a,x7442a,CSc1ccc(-c2ccccn2)cc1OC(=O)N1CCC[C@H](C(N)=O)C1,6.3634,False,False,True,True,False,42.1328,88.4615,37.2713
A71EV2A-x7445a,x7445a,CSc1ccc(-c2ccncc2)cc1CC(=O)N1C[C@H](C(N)=O)C[C@H]2C[C@H]21,4.9174,False,False,True,True,False,43.6988,88.4615,38.6567
A71EV2A-x7446a,x7446a,CCS(=O)(=O)N1CCN(c2ncnc(SC)c2CC(=O)N2CCC[C@H](C(N)=O)C2)[C@H](C)C1,5.8875,False,False,True,True,False,32.6669,92.3077,30.1541
A71EV2A-x7448a,x7448a,CSc1cccc2c1[C@@H](C(=O)N1C[C@@H](C(N)=O)C[C@@H]3C[C@@H]31)CC2,6.317,False,False,True,True,False,44.9984,92.3077,41.537
A71EV2A-x7459a,x7459a,CSc1ccc2ncccc2c1OC(=O)N1C[C@H](C(N)=O)C[C@@H]2C[C@@H]21,6.2232,False,False,True,True,False,42.3247,92.0,38.9388
A71EV2A-x7461a,x7461a,CSc1ccc2ncccc2c1OC(=O)N1C[C@@H](C(N)=O)C[C@H]2C[C@H]21,6.2232,False,False,True,True,False,40.9699,92.3077,37.8184
A71EV2A-x7465a,x7465a_x7465b,CSc1ccc2ncccc2c1OC(=O)N1C[C@H](C(N)=O)C[C@H]2C[C@H]21,6.5542,False,False,True,True,False,42.3662,92.0,38.9769
A71EV2A-x7465b,x7465a_x7465b,CSc1ccc2ncccc2c1OC(=O)N1C[C@H](C(N)=O)C[C@H]2C[C@H]21,6.5542,False,False,True,True,False,41.4736,92.0,38.1557
A71EV2A-x7475a,x7475a_x7475b,CSc1ncnc(N2CCC[C@H]2C2CC2)c1CC(=O)N1CCC[C@H](C(N)=O)C1,5.262,False,False,True,True,False,34.2349,92.5926,31.699
A71EV2A-x7475b,x7475a_x7475b,CSc1ncnc(N2CCC[C@H]2C2CC2)c1CC(=O)N1CCC[C@H](C(N)=O)C1,5.262,False,False,True,True,False,35.6284,92.3077,32.8878
A71EV2A-x7491a,x7491a_x7491b,CSc1ncnc(N2CCC[C@H]2C(C)C)c1CC(=O)N1CCC[C@H](C(N)=O)C1,5.3314,False,False,True,True,False,41.5188,92.0,38.1973
A71EV2A-x7491b,x7491a_x7491b,CSc1ncnc(N2CCC[C@H]2C(C)C)c1CC(=O)N1CCC[C@H](C(N)=O)C1,5.3314,False,False,True,True,False,42.3722,92.0,38.9824
A71EV2A-x7501a,x7501a_x7501b,CSc1ncnc(N2CCC[C@H]2C)c1CC(=O)N1CCC[C@H](C(N)=O)C1,5.2445,False,False,True,True,False,35.4188,92.0,32.5853
A71EV2A-x7501b,x7501a_x7501b,CSc1ncnc(N2CCC[C@H]2C)c1CC(=O)N1CCC[C@H](C(N)=O)C1,5.2445,False,False,True,True,False,35.5882,91.6667,32.6225
A71EV2A-x7510a,x7510a_x7510b,CC[C@@H]1CCCN1c1ncnc(SC)c1CC(=O)N1CCC[C@H](C(N)=O)C1,5.3595,False,False,True,True,False,34.6652,92.0,31.892
A71EV2A-x7510b,x7510a_x7510b,CC[C@@H]1CCCN1c1ncnc(SC)c1CC(=O)N1CCC[C@H](C(N)=O)C1,5.3595,False,False,True,True,False,35.7052,92.3077,32.9586
A71EV2A-x7515a,x7515a,CSc1ccc2ncccc2c1OC(=O)N1C[C@@H](C(N)=O)C[C@@H]2C[C@@H]21,6.5542,False,False,True,True,False,41.9464,92.3077,38.7198
A71EV2A-x7533a,x7533a_x7533b,CSc1ncnc(N2CCC[C@@H]2C)c1CC(=O)N1CCC[C@H](C(N)=O)C1,6.6166,False,False,True,True,False,36.7068,92.0,33.7702
A71EV2A-x7533b,x7533a_x7533b,CSc1ncnc(N2CCC[C@@H]2C)c1CC(=O)N1CCC[C@H](C(N)=O)C1,6.6166,False,False,True,True,False,36.6632,91.6667,33.6079
A71EV2A-x7545a,x7545a_x7545b,CSc1ncnc(N(C)C)c1CC(=O)N1CCC[C@H](C(N)=O)C1,6.393,False,False,True,True,False,42.6878,92.0,39.2728
A71EV2A-x7545b,x7545a_x7545b,CSc1ncnc(N(C)C)c1CC(=O)N1CCC[C@H](C(N)=O)C1,6.393,False,False,True,True,False,42.9199,92.0,39.4863
A71EV2A-x7558a,x7558a,CSc1ccc(Br)cc1OC(=O)N1C[C@@H](C(N)=O)CC[C@H]1CO,5.995,False,False,True,True,False,38.882,92.5926,36.0019
A71EV2A-x7560a,x7560a_x7560b,CSc1ncnc(N2CCCCCC2)c1CC(=O)N1CCC[C@H](C(N)=O)C1,7.1865,False,False,True,True,False,36.9807,92.0,34.0222
A71EV2A-x7560b,x7560a_x7560b,CSc1ncnc(N2CCCCCC2)c1CC(=O)N1CCC[C@H](C(N)=O)C1,7.1865,False,False,True,True,False,36.8527,91.6667,33.7817
A71EV2A-x7570a,x7570a,CSc1ncnc(N2CCC[C@@H]2c2ccccc2)c1CC(=O)N1CCC[C@H](C(N)=O)C1,7.1317,False,False,True,True,False,45.1312,92.0,41.5207
A71EV2A-x7576a,x7576a_x7576b,CSc1ccc(-c2cc[nH]n2)cc1CC(=O)N1C[C@@H](C(N)=O)C[C@@H]2C[C@@H]21,6.3405,False,False,True,True,False,42.3894,88.8889,37.6794
A71EV2A-x7576b,x7576a_x7576b,CSc1ccc(-c2cc[nH]n2)cc1CC(=O)N1C[C@@H](C(N)=O)C[C@@H]2C[C@@H]21,6.3405,False,False,True,True,False,42.5407,88.8889,37.814
A71EV2A-x7580a,x7580a_x7580b,CSc1ncnc(N(C)C)c1CC(=O)N1C[C@@H](C(N)=O)C[C@H]2C[C@H]21,6.0736,False,False,True,True,False,45.0916,92.3077,41.623
A71EV2A-x7580b,x7580a_x7580b,CSc1ncnc(N(C)C)c1CC(=O)N1C[C@@H](C(N)=O)C[C@H]2C[C@H]21,6.0736,False,False,True,True,False,45.5444,92.0,41.9008
A71EV2A-x7589a,x7589a,COC(=O)N[C@H]1CCN(c2ncnc(SC)c2CC(=O)N2CCC[C@H](C(N)=O)C2)C1,7.2725,False,False,True,True,False,33.1123,92.3077,30.5652
A71EV2A-x7597a,x7597a,CSc1ccc(-c2cc[nH]n2)cc1OC(=O)N1CCC[C@H](C(N)=O)C1,6.3434,False,False,True,True,False,41.6742,88.4615,36.8656
A71EV2A-x7608a,x7608a,CSc1ncnc(N(C)CC(F)(F)F)c1CC(=O)N1C[C@@H](C(N)=O)C[C@@H]2C[C@@H]21,6.7947,False,False,True,True,False,40.9886,92.3077,37.8356
A71EV2A-x7613a,x7613a,CC[C@@H]1CS[C@H](C(N)=O)CN1C(=O)Oc1cc(Br)ccc1SC,7.1127,False,False,True,True,False,41.4597,92.5926,38.3886
A71EV2A-x7622a,x7622a,CSc1ncnc(N2CCCC2)c1NC(=O)N1C[C@@H](C(N)=O)C[C@@H]2C[C@@H]21,5.9283,False,False,True,True,False,41.6635,92.5926,38.5774
A71EV2A-x7631a,x7631a,CSc1ccccc1CC(=O)N1C[C@@H](C(N)=O)C[C@@H]2C[C@@H]21,5.6765,False,False,True,True,False,45.2208,92.3077,41.7423
